# GO	NS	enrichment	name	ratio_in_study	ratio_in_pop	p_uncorrected	depth	study_count	p_fdr_bh	study_items
GO:0044281	BP	e	small molecule metabolic process	103/375	1190/15423	1.9864613019456655e-31	2	103	2.8805675339514096e-27	Aacs, Abhd2, Acaa1b, Acaca, Acacb, Acly, Acmsd, Acot1, Acot11, Acox2, Acsl1, Acsl3, Afmid, Ak2, Aox1, Apoa4, Asns, Brca1, Cdo1, Ces1d, Chka, Crot, Csad, Cyb5r3, Cyp17a1, Cyp1a2, Cyp26a1, Cyp2b10, Cyp2c29, Cyp2c37, Cyp2c50, Cyp2c54, Cyp2c55, Cyp2f2, Cyp4a10, Cyp4a31, Cyp4a32, Cyp51, Cyp7a1, Ddah1, Dhcr24, Dhcr7, Dhrs9, Eci2, Ehhadh, Elovl2, Elovl3, Elovl5, Elovl6, Ephx1, Erlin1, Fabp2, Fabp4, Fads1, Fads2, Fads3, Fasn, Fbp1, Fdft1, Fdps, G6pc, Gclc, Glul, Gpam, Gulo, Hal, Hmgcr, Hmgcs1, Hsd17b7, Insig1, Insig2, Ldha, Ldlr, Lrp2, Lss, Mgll, Mgst3, Moxd1, Mvd, Nampt, Nudt7, Oat, Per2, Pgd, Pgm3, Pik3r1, Pklr, Pnp, Pnpla3, Por, Retsat, Shmt1, Slc5a3, Sqle, Srebf1, St6gal1, Synj2, Tymp, Ugt1a1, Ugt1a9, Upp2, Vnn1, Wdtc1
GO:0006629	BP	e	lipid metabolic process	82/375	827/15423	1.0459744228861332e-28	3	82	7.583837553135909e-25	4932438A13Rik, Aacs, Abhd2, Acaa1b, Acaca, Acacb, Acly, Acot1, Acot11, Acox2, Acsl1, Acsl3, Adora1, Apoa4, Brca1, Ces1d, Ces1g, Chka, Crot, Cyb5r3, Cyp17a1, Cyp1a2, Cyp26a1, Cyp2b10, Cyp2c29, Cyp2c37, Cyp2c50, Cyp2c54, Cyp2c55, Cyp2f2, Cyp4a10, Cyp4a31, Cyp4a32, Cyp51, Cyp7a1, Dhcr24, Dhcr7, Dhrs9, Eci2, Ehhadh, Elovl2, Elovl3, Elovl5, Elovl6, Erlin1, Esr1, Fabp2, Fabp4, Fads1, Fads2, Fads3, Fasn, Fdft1, Fdps, G6pc, Gpam, Hmgcr, Hmgcs1, Hsd17b11, Hsd17b7, Idi1, Insig1, Insig2, Ldlr, Lss, Mgll, Mgst3, Mvd, Per2, Pigb, Pik3r1, Pnpla3, Pnpla7, Por, Retsat, Serpina6, Spns2, Sqle, Srebf1, Synj2, Thrsp, Ttc7
GO:0032787	BP	e	monocarboxylic acid metabolic process	52/375	385/15423	2.628828579306715e-24	6	52	1.2706881076175558e-20	Aacs, Abhd2, Acaa1b, Acaca, Acacb, Acly, Acot1, Acot11, Acox2, Acsl1, Acsl3, Asns, Brca1, Ces1d, Crot, Cyp1a2, Cyp26a1, Cyp2b10, Cyp2c29, Cyp2c37, Cyp2c50, Cyp2c54, Cyp2c55, Cyp2f2, Cyp4a10, Cyp4a31, Cyp4a32, Cyp7a1, Dhrs9, Eci2, Ehhadh, Elovl2, Elovl3, Elovl5, Elovl6, Fabp2, Fabp4, Fads1, Fads2, Fads3, Fasn, Gpam, Ldha, Mgll, Per2, Pgd, Pklr, Pnpla3, Por, Ugt1a1, Ugt1a9, Vnn1
GO:0044283	BP	e	small molecule biosynthetic process	50/375	373/15423	3.0619832154444174e-23	3	50	1.1100454651789876e-19	Abhd2, Acaca, Acacb, Acly, Acot11, Acsl3, Apoa4, Asns, Brca1, Ces1d, Csad, Cyb5r3, Cyp51, Cyp7a1, Dhcr24, Dhcr7, Dhrs9, Elovl2, Elovl3, Elovl5, Elovl6, Ephx1, Fads1, Fads2, Fads3, Fasn, Fbp1, Fdft1, Fdps, G6pc, Glul, Gulo, Hmgcr, Hmgcs1, Hsd17b7, Insig1, Insig2, Ldha, Lss, Mgll, Mgst3, Moxd1, Mvd, Nudt7, Per2, Pgd, Pklr, Pnp, Shmt1, Upp2
GO:0019752	BP	e	carboxylic acid metabolic process	65/375	658/15423	1.457822957198115e-22	5	65	4.2279781404659737e-19	Aacs, Abhd2, Acaa1b, Acaca, Acacb, Acly, Acmsd, Acot1, Acot11, Acox2, Acsl1, Acsl3, Afmid, Asns, Brca1, Cdo1, Ces1d, Crot, Csad, Cyp1a2, Cyp26a1, Cyp2b10, Cyp2c29, Cyp2c37, Cyp2c50, Cyp2c54, Cyp2c55, Cyp2f2, Cyp4a10, Cyp4a31, Cyp4a32, Cyp7a1, Ddah1, Dhrs9, Eci2, Ehhadh, Elovl2, Elovl3, Elovl5, Elovl6, Fabp2, Fabp4, Fads1, Fads2, Fads3, Fasn, Gclc, Glul, Gpam, Gulo, Hal, Ldha, Mgll, Mgst3, Oat, Per2, Pgd, Pklr, Pnpla3, Por, Shmt1, St6gal1, Ugt1a1, Ugt1a9, Vnn1
GO:0006082	BP	e	organic acid metabolic process	67/375	706/15423	2.7787304476391e-22	3	67	6.715728370202432e-19	Aacs, Abhd2, Acaa1b, Acaca, Acacb, Acly, Acmsd, Acot1, Acot11, Acox2, Acsl1, Acsl3, Afmid, Asns, Brca1, Cdo1, Ces1d, Crot, Csad, Cyp1a2, Cyp26a1, Cyp2b10, Cyp2c29, Cyp2c37, Cyp2c50, Cyp2c54, Cyp2c55, Cyp2f2, Cyp4a10, Cyp4a31, Cyp4a32, Cyp7a1, Ddah1, Dhrs9, Eci2, Ehhadh, Elovl2, Elovl3, Elovl5, Elovl6, Fabp2, Fabp4, Fads1, Fads2, Fads3, Fasn, G6pc, Gclc, Glul, Gpam, Gulo, Hal, Ldha, Mgll, Mgst3, Oat, Per2, Pgd, Pklr, Pnp, Pnpla3, Por, Shmt1, St6gal1, Ugt1a1, Ugt1a9, Vnn1
GO:0006631	BP	e	fatty acid metabolic process	41/375	259/15423	6.109962902871085e-22	7	41	1.2657224579219087e-18	Aacs, Abhd2, Acaa1b, Acaca, Acacb, Acly, Acot1, Acot11, Acox2, Acsl1, Acsl3, Brca1, Ces1d, Crot, Cyp2b10, Cyp2c29, Cyp2c37, Cyp2c50, Cyp2c54, Cyp2c55, Cyp2f2, Cyp4a10, Cyp4a31, Cyp4a32, Eci2, Ehhadh, Elovl2, Elovl3, Elovl5, Elovl6, Fabp2, Fabp4, Fads1, Fads2, Fads3, Fasn, Gpam, Mgll, Per2, Pnpla3, Por
GO:0043436	BP	e	oxoacid metabolic process	65/375	687/15423	1.5167514988206436e-21	4	65	2.7493016855497694e-18	Aacs, Abhd2, Acaa1b, Acaca, Acacb, Acly, Acmsd, Acot1, Acot11, Acox2, Acsl1, Acsl3, Afmid, Asns, Brca1, Cdo1, Ces1d, Crot, Csad, Cyp1a2, Cyp26a1, Cyp2b10, Cyp2c29, Cyp2c37, Cyp2c50, Cyp2c54, Cyp2c55, Cyp2f2, Cyp4a10, Cyp4a31, Cyp4a32, Cyp7a1, Ddah1, Dhrs9, Eci2, Ehhadh, Elovl2, Elovl3, Elovl5, Elovl6, Fabp2, Fabp4, Fads1, Fads2, Fads3, Fasn, Gclc, Glul, Gpam, Gulo, Hal, Ldha, Mgll, Mgst3, Oat, Per2, Pgd, Pklr, Pnpla3, Por, Shmt1, St6gal1, Ugt1a1, Ugt1a9, Vnn1
GO:0044255	BP	e	cellular lipid metabolic process	61/375	643/15423	2.7567605382095345e-20	4	61	4.441753840508496e-17	Aacs, Abhd2, Acaa1b, Acaca, Acacb, Acly, Acot1, Acot11, Acox2, Acsl1, Acsl3, Apoa4, Brca1, Ces1d, Chka, Crot, Cyp1a2, Cyp26a1, Cyp2b10, Cyp2c29, Cyp2c37, Cyp2c50, Cyp2c54, Cyp2c55, Cyp2f2, Cyp4a10, Cyp4a31, Cyp4a32, Dhrs9, Eci2, Ehhadh, Elovl2, Elovl3, Elovl5, Elovl6, Fabp2, Fabp4, Fads1, Fads2, Fads3, Fasn, Fdft1, Fdps, G6pc, Gpam, Hmgcr, Hmgcs1, Idi1, Insig1, Insig2, Mgll, Mvd, Per2, Pigb, Pik3r1, Pnpla3, Por, Retsat, Spns2, Synj2, Ttc7
GO:0008610	BP	e	lipid biosynthetic process	43/375	338/15423	3.3675042963068163e-19	4	43	4.883217980074514e-16	Abhd2, Acaca, Acacb, Acly, Acot11, Acsl1, Acsl3, Apoa4, Brca1, Ces1d, Chka, Cyb5r3, Cyp17a1, Cyp51, Cyp7a1, Dhcr24, Dhcr7, Dhrs9, Elovl2, Elovl3, Elovl5, Elovl6, Fads1, Fads2, Fads3, Fasn, Fdft1, Fdps, Gpam, Hmgcr, Hmgcs1, Hsd17b11, Hsd17b7, Idi1, Insig1, Insig2, Lss, Mgll, Mvd, Pigb, Pnpla3, Sqle, Srebf1
GO:0016126	BP	e	sterol biosynthetic process	16/375	33/15423	8.700730371095547e-18	6	16	1.1469935555568775e-14	Apoa4, Ces1d, Cyb5r3, Cyp51, Dhcr24, Dhcr7, Fdft1, Fdps, Hmgcr, Hmgcs1, Hsd17b7, Insig1, Insig2, Lss, Mvd, Sqle
GO:1902653	BP	e	secondary alcohol biosynthetic process	15/375	30/15423	5.1772975106626774e-17	6	15	5.775076246316883e-14	Apoa4, Ces1d, Cyb5r3, Cyp51, Dhcr24, Dhcr7, Fdft1, Fdps, Hmgcr, Hmgcs1, Hsd17b7, Insig1, Insig2, Lss, Mvd
GO:0006695	BP	e	cholesterol biosynthetic process	15/375	30/15423	5.1772975106626774e-17	7	15	5.775076246316883e-14	Apoa4, Ces1d, Cyb5r3, Cyp51, Dhcr24, Dhcr7, Fdft1, Fdps, Hmgcr, Hmgcs1, Hsd17b7, Insig1, Insig2, Lss, Mvd
GO:0008202	BP	e	steroid metabolic process	29/375	181/15423	5.770053626287584e-16	4	29	5.976539116771161e-13	Apoa4, Ces1d, Cyb5r3, Cyp17a1, Cyp1a2, Cyp26a1, Cyp2b10, Cyp51, Cyp7a1, Dhcr24, Dhcr7, Dhrs9, Erlin1, Esr1, Fdft1, Fdps, G6pc, Hmgcr, Hmgcs1, Hsd17b11, Hsd17b7, Insig1, Insig2, Ldlr, Lss, Mvd, Serpina6, Sqle, Srebf1
GO:0006694	BP	e	steroid biosynthetic process	19/375	75/15423	1.1285263136212994e-14	5	19	1.0909840049214976e-11	Apoa4, Ces1d, Cyb5r3, Cyp17a1, Cyp51, Cyp7a1, Dhcr24, Dhcr7, Fdft1, Fdps, Hmgcr, Hmgcs1, Hsd17b11, Hsd17b7, Insig1, Insig2, Lss, Mvd, Sqle
GO:0016125	BP	e	sterol metabolic process	21/375	100/15423	2.5691656776405187e-14	5	21	2.3284669682165728e-11	Apoa4, Ces1d, Cyb5r3, Cyp26a1, Cyp51, Cyp7a1, Dhcr24, Dhcr7, Erlin1, Fdft1, Fdps, Hmgcr, Hmgcs1, Hsd17b7, Insig1, Insig2, Ldlr, Lss, Mvd, Sqle, Srebf1
GO:0072330	BP	e	monocarboxylic acid biosynthetic process	22/375	113/15423	3.2561515505025086e-14	7	22	2.77749727257864e-11	Abhd2, Acaca, Acacb, Acly, Acot11, Acsl3, Asns, Brca1, Cyp7a1, Dhrs9, Elovl2, Elovl3, Elovl5, Elovl6, Fads1, Fads2, Fads3, Fasn, Ldha, Mgll, Per2, Pklr
GO:0008203	BP	e	cholesterol metabolic process	20/375	94/15423	8.238442461538557e-14	6	20	6.636980785265034e-11	Apoa4, Ces1d, Cyb5r3, Cyp51, Cyp7a1, Dhcr24, Dhcr7, Erlin1, Fdft1, Fdps, Hmgcr, Hmgcs1, Hsd17b7, Insig1, Insig2, Ldlr, Lss, Mvd, Sqle, Srebf1
GO:1901617	BP	e	organic hydroxy compound biosynthetic process	22/375	120/15423	1.1986103851141858e-13	4	22	9.14792062870569e-11	Agtr1a, Apoa4, Ces1d, Cyb5r3, Cyp51, Cyp7a1, Dhcr24, Dhcr7, Ephx1, Fdft1, Fdps, Hmgcr, Hmgcs1, Hsd17b7, Insig1, Insig2, Ldha, Lss, Moxd1, Mvd, Per2, Sqle
GO:0016053	BP	e	organic acid biosynthetic process	27/375	193/15423	1.833269603859384e-13	4	27	1.3292121262782465e-10	Abhd2, Acaca, Acacb, Acly, Acot11, Acsl3, Asns, Brca1, Csad, Cyp7a1, Dhrs9, Elovl2, Elovl3, Elovl5, Elovl6, Fads1, Fads2, Fads3, Fasn, Glul, Gulo, Ldha, Mgll, Mgst3, Per2, Pklr, Shmt1
GO:0055114	BP	e	oxidation-reduction process	50/375	643/15423	2.738302838684047e-13	2	50	1.89086330779797e-10	Acaa1b, Acox2, Aox1, Cdo1, Crot, Cyb5r3, Cyp17a1, Cyp1a2, Cyp26a1, Cyp2b10, Cyp2c29, Cyp2c37, Cyp2c50, Cyp2c54, Cyp2c55, Cyp2f2, Cyp3a11, Cyp3a25, Cyp3a59, Cyp4a10, Cyp4a12a, Cyp4a12b, Cyp4a14, Cyp4a31, Cyp4a32, Cyp51, Dhcr24, Dhrs9, Dio1, Eci2, Ehhadh, Fads1, Fads2, Fads3, Fasn, G6pc, Gulo, Hmgcr, Hsd17b11, Hsd17b7, Htatip2, Ldha, Moxd1, Per2, Pgd, Por, Retsat, Slc25a25, Sqle, Tet1
GO:1902652	BP	e	secondary alcohol metabolic process	20/375	103/15423	5.150892912768224e-13	5	20	3.3951408240023647e-10	Apoa4, Ces1d, Cyb5r3, Cyp51, Cyp7a1, Dhcr24, Dhcr7, Erlin1, Fdft1, Fdps, Hmgcr, Hmgcs1, Hsd17b7, Insig1, Insig2, Ldlr, Lss, Mvd, Sqle, Srebf1
GO:1901615	BP	e	organic hydroxy compound metabolic process	33/375	308/15423	8.138411136614172e-13	3	33	5.131091299654005e-10	Agtr1a, Apoa4, Ces1d, Chka, Cyb5r3, Cyp26a1, Cyp4a31, Cyp4a32, Cyp51, Cyp7a1, Dhcr24, Dhcr7, Dio1, Ephx1, Erlin1, Fdft1, Fdps, Hmgcr, Hmgcs1, Hsd17b7, Insig1, Insig2, Ldha, Ldlr, Lss, Moxd1, Mvd, Per2, Retsat, Slc5a3, Sqle, Srebf1, Synj2
GO:0006805	BP	e	xenobiotic metabolic process	18/375	83/15423	1.0391216557202042e-12	3	18	6.278459637332784e-10	Acaa1b, Acsl1, Ahr, Cdo1, Csad, Cyp1a2, Cyp26a1, Cyp2b10, Cyp2c29, Cyp2c37, Cyp2c50, Cyp2c54, Cyp2c55, Cyp2f2, Gstm1, Gstm4, Ugt1a1, Ugt1a9
GO:0046394	BP	e	carboxylic acid biosynthetic process	26/375	192/15423	1.1263751339437687e-12	6	26	6.533426326927436e-10	Abhd2, Acaca, Acacb, Acly, Acot11, Acsl3, Asns, Brca1, Cyp7a1, Dhrs9, Elovl2, Elovl3, Elovl5, Elovl6, Fads1, Fads2, Fads3, Fasn, Glul, Gulo, Ldha, Mgll, Mgst3, Per2, Pklr, Shmt1
GO:0046165	BP	e	alcohol biosynthetic process	17/375	81/15423	7.866506994509342e-12	5	17	4.387392997206922e-09	Apoa4, Ces1d, Cyb5r3, Cyp51, Dhcr24, Dhcr7, Ephx1, Fdft1, Fdps, Hmgcr, Hmgcs1, Hsd17b7, Insig1, Insig2, Lss, Moxd1, Mvd
GO:0019216	BP	e	regulation of lipid metabolic process	29/375	272/15423	2.3690157724890128e-11	5	29	1.272336952476414e-08	Acacb, Acsl3, Adora1, Agtr1a, Angptl4, Apoa4, Avpr1a, Brca1, Ces1g, Crtc3, Cyp17a1, Cyp7a1, Dhcr7, Elovl5, Erlin1, Esr1, Fdps, Fgf21, Gpam, Insig1, Insig2, Ldlr, Lonp2, Pik3r1, Por, Serpina12, Srebf1, Thrsp, Wdtc1
GO:0006633	BP	e	fatty acid biosynthetic process	16/375	75/15423	2.514046554554258e-11	8	16	1.3020067531282606e-08	Abhd2, Acaca, Acacb, Acly, Acot11, Acsl3, Brca1, Elovl2, Elovl3, Elovl5, Elovl6, Fads1, Fads2, Fads3, Fasn, Mgll
GO:0001676	BP	e	long-chain fatty acid metabolic process	16/375	77/15423	3.845583477049195e-11	8	16	1.9229243448513922e-08	Acot1, Acot11, Acsl1, Cyp2b10, Cyp2c29, Cyp2c37, Cyp2c50, Cyp2c54, Cyp2c55, Cyp2f2, Cyp4a31, Cyp4a32, Elovl6, Fads1, Mgll, Pnpla3
GO:0006066	BP	e	alcohol metabolic process	26/375	227/15423	5.357577285957096e-11	4	26	2.5896742741221288e-08	Apoa4, Ces1d, Chka, Cyb5r3, Cyp51, Cyp7a1, Dhcr24, Dhcr7, Ephx1, Erlin1, Fdft1, Fdps, Hmgcr, Hmgcs1, Hsd17b7, Insig1, Insig2, Ldlr, Lss, Moxd1, Mvd, Retsat, Slc5a3, Sqle, Srebf1, Synj2
GO:0050896	BP	e	response to stimulus	135/375	3340/15423	1.3326844643842464e-10	1	135	6.233954005818051e-08	Aacs, Abcb11, Abhd2, Acaca, Acacb, Acot11, Acsl1, Adamts7, Adora1, Agtr1a, Ahr, Alb, Angptl4, Apoa4, Arntl, Asns, Atp1b1, Avpr1a, Brca1, C4a, C9, Ccl2, Ccnd1, Cd4, Cdc14b, Cdo1, Ces1d, Ces1g, Cfd, Chrna4, Clic5, Clock, Col1a1, Col3a1, Cpeb2, Crot, Cxcl10, Cxcl12, Cxcl13, Cyp1a2, Cyp26a1, Cyp2b10, Cyp2f2, Cyp3a11, Cyp3a25, Cyp7a1, Dntt, Ephx1, Erlin1, Esr1, Fabp4, Fads1, Fasn, Fbln1, Fbp1, Gabarapl1, Gas6, Gclc, Glul, Gnat1, Gpam, Gsn, Gsta1, Gsta2, Gstm1, Gstm3, Gstt2, H2-Q1, Hba-a2, Hmcn1, Hmgcr, Hmgcs1, Idi1, Ighm, Il22ra1, Ildr2, Insig1, Insig2, Klf10, Lbp, Ldha, Ldlr, Lgals8, Lrp2, Lyz2, Mad2l2, Map3k5, Mapk15, Men1, Mia3, Net1, Nlrp12, Nrep, Ntrk2, Paqr7, Peli3, Per2, Per3, Pigr, Pik3r1, Pklr, Pnp, Pnpla3, Por, Psmb9, Rbpms, Rnf125, Sdc1, Shmt1, Slc1a2, Slc22a7, Slc23a1, Slc25a25, Slc30a10, Slc38a3, Slc39a4, Spry4, Sqle, Srebf1, Stap1, Tab2, Thrsp, Tifa, Tlr12, Trp53inp1, Trpc2, Tsc22d2, Txnip, Ugt1a1, Usp2, Vnn1, Wdtc1, Wrnip1, Yod1, Zap70
GO:0051186	BP	e	cofactor metabolic process	29/375	300/15423	2.535538314457041e-10	3	29	1.1489950343106736e-07	Acaca, Acacb, Acly, Acot1, Acot11, Acsl1, Apoa4, Ces1d, Crot, Cyp1a2, Ehhadh, Ethe1, Fasn, Gclc, Gpam, Gsta1, Gstm1, Gstm4, Gstt2, Gstt3, Gulo, Hbb-bt, Hmgcr, Hmgcs1, Mvd, Nampt, Nudt7, Shmt1, Vnn1
GO:0009605	BP	e	response to external stimulus	61/375	1075/15423	4.2153199065121357e-10	2	61	1.8523137564949235e-07	Aacs, Acacb, Adora1, Alb, Angptl4, Apoa4, Asns, C9, Ccl2, Cd4, Ces1g, Cfd, Clic5, Col1a1, Cxcl10, Cxcl12, Cxcl13, Cyp2b10, Cyp3a11, Cyp3a25, Dntt, Fabp4, Fads1, Gabarapl1, Gas6, Glul, Gnat1, Gpam, Gsta1, Gsta2, Gstm3, Hba-a2, Hmcn1, Ighm, Il22ra1, Klf10, Lbp, Ldha, Ldlr, Lgals8, Lyz2, Map3k5, Peli3, Per2, Per3, Pklr, Pnpla3, Psmb9, Slc1a2, Slc25a25, Slc38a3, Slc39a4, Srebf1, Stap1, Tab2, Thrsp, Tifa, Tlr12, Usp2, Vnn1, Wrnip1
GO:0046890	BP	e	regulation of lipid biosynthetic process	19/375	139/15423	1.122902176727176e-09	6	19	4.789177783741406e-07	Acsl3, Apoa4, Avpr1a, Brca1, Cyp17a1, Cyp7a1, Dhcr7, Elovl5, Erlin1, Fdps, Gpam, Insig1, Insig2, Ldlr, Por, Serpina12, Srebf1, Thrsp, Wdtc1
GO:0033865	BP	e	nucleoside bisphosphate metabolic process	15/375	86/15423	2.1071342713893364e-09	7	15	8.258257856599126e-07	Acaca, Acacb, Acly, Acot1, Acot11, Acsl1, Ces1d, Crot, Ehhadh, Fasn, Gpam, Hmgcr, Hmgcs1, Mvd, Nudt7
GO:0034032	BP	e	purine nucleoside bisphosphate metabolic process	15/375	86/15423	2.1071342713893364e-09	8	15	8.258257856599126e-07	Acaca, Acacb, Acly, Acot1, Acot11, Acsl1, Ces1d, Crot, Ehhadh, Fasn, Gpam, Hmgcr, Hmgcs1, Mvd, Nudt7
GO:0033875	BP	e	ribonucleoside bisphosphate metabolic process	15/375	86/15423	2.1071342713893364e-09	8	15	8.258257856599126e-07	Acaca, Acacb, Acly, Acot1, Acot11, Acsl1, Ces1d, Crot, Ehhadh, Fasn, Gpam, Hmgcr, Hmgcs1, Mvd, Nudt7
GO:0008152	BP	e	metabolic process	193/375	5626/15423	2.449126327455007e-09	1	193	9.345994966953963e-07	4932438A13Rik, Aacs, Abhd2, Acaa1b, Acaca, Acacb, Acly, Acmsd, Acot1, Acot11, Acox2, Acsl1, Acsl3, Adam11, Adamts7, Adck5, Adora1, Afmid, Agtr1a, Ahr, Ak2, Aox1, Apoa4, Arntl, Arsg, Asns, Atg2b, Atp1b1, Brca1, Ccnd1, Ccnl1, Cdc14b, Cdo1, Ces1d, Ces1g, Ces2a, Cfd, Chka, Chrna4, Clic5, Clock, Clpx, Col1a1, Col3a1, Crot, Csad, Cyb5r3, Cyp17a1, Cyp1a2, Cyp26a1, Cyp2b10, Cyp2c29, Cyp2c37, Cyp2c50, Cyp2c54, Cyp2c55, Cyp2f2, Cyp3a11, Cyp3a25, Cyp3a59, Cyp4a10, Cyp4a12a, Cyp4a12b, Cyp4a14, Cyp4a31, Cyp4a32, Cyp51, Cyp7a1, Ddah1, Dhcr24, Dhcr7, Dhrs9, Dio1, Dntt, Dtx4, Dusp6, Eci2, Ehhadh, Elovl2, Elovl3, Elovl5, Elovl6, Ephx1, Erlin1, Esr1, Ethe1, Fabp2, Fabp4, Fads1, Fads2, Fads3, Fasn, Fbln1, Fbp1, Fdft1, Fdps, Fgfr2, G6pc, Gabarapl1, Gas6, Gclc, Glul, Gpam, Gpc1, Gsn, Gsta1, Gstm1, Gstm4, Gstt2, Gstt3, Gulo, Hal, Hbb-bt, Hist1h1c, Hmgcr, Hmgcs1, Hsd17b11, Hsd17b7, Htatip2, Idi1, Insig1, Insig2, Ldha, Ldlr, Lgals8, Lhpp, Lonp2, Lrp2, Lss, Lyz2, Mad2l2, Map3k5, Mapk15, Mcm5, Men1, Mgll, Mgst3, Moxd1, Mvd, Nampt, Nnmt, Ntrk2, Nudt7, Oat, Pcsk4, Peli3, Per2, Pgd, Pgm3, Pigb, Pik3r1, Pklr, Pnp, Pnpla3, Pnpla7, Por, Ppp2r2d, Psmb9, Pter, Pum2, Rbpms, Retsat, Sash1, Sbk1, Serpina6, Sgk2, Shmt1, Slc25a25, Slc5a3, Spns2, Sqle, Srebf1, Srrm2, St6gal1, Synj2, Tet1, Thrsp, Tnks2, Trp53inp1, Trpc2, Ttc7, Tymp, Ube2l6, Ugt1a1, Ugt1a9, Upp2, Usp2, Vnn1, Wdtc1, Wee1, Wrnip1, Yod1, Zap70
GO:0006790	BP	e	sulfur compound metabolic process	23/375	224/15423	6.045184174597016e-09	3	23	2.247723479893111e-06	Acaca, Acacb, Acly, Acot1, Acot11, Acsl1, Arsg, Cdo1, Ces1d, Csad, Ehhadh, Ethe1, Fasn, Gclc, Gpam, Gsta1, Gstm1, Gstm4, Gstt2, Gstt3, Hmgcs1, Mvd, Nudt7
GO:0042304	BP	e	regulation of fatty acid biosynthetic process	10/375	36/15423	9.271228320143346e-09	7	10	3.3610520467599666e-06	Apoa4, Avpr1a, Brca1, Cyp7a1, Elovl5, Erlin1, Insig1, Insig2, Srebf1, Wdtc1
GO:0006637	BP	e	acyl-CoA metabolic process	13/375	70/15423	1.1439458296262285e-08	10	13	3.94960916081189e-06	Acaca, Acacb, Acly, Acot1, Acot11, Acsl1, Ces1d, Ehhadh, Fasn, Gpam, Hmgcs1, Mvd, Nudt7
GO:0035383	BP	e	thioester metabolic process	13/375	70/15423	1.1439458296262285e-08	4	13	3.94960916081189e-06	Acaca, Acacb, Acly, Acot1, Acot11, Acsl1, Ces1d, Ehhadh, Fasn, Gpam, Hmgcs1, Mvd, Nudt7
GO:0009056	BP	e	catabolic process	67/375	1350/15423	1.498763677784872e-08	2	67	5.0543190910600995e-06	Abhd2, Acaa1b, Acmsd, Acox2, Acsl1, Adora1, Afmid, Aox1, Apoa4, Arntl, Atg2b, Cdo1, Ces1d, Ces1g, Clock, Clpx, Crot, Csad, Cyp1a2, Cyp26a1, Cyp2b10, Cyp2c29, Cyp2c37, Cyp2c50, Cyp2c54, Cyp2c55, Cyp2f2, Cyp4a31, Cyp4a32, Cyp7a1, Ddah1, Eci2, Ehhadh, Ephx1, Erlin1, G6pc, Gabarapl1, Gpc1, Gstm1, Gstm4, Hal, Hbb-bt, Hsd17b11, Ldha, Ldlr, Lgals8, Lonp2, Mgll, Moxd1, Nudt7, Oat, Pklr, Pnp, Pnpla3, Pnpla7, Por, Psmb9, Pter, Shmt1, Synj2, Tet1, Trp53inp1, Ube2l6, Ugt1a1, Upp2, Usp2, Yod1
GO:0006732	BP	e	coenzyme metabolic process	20/375	181/15423	1.7395592441831514e-08	4	20	5.733033772704518e-06	Acaca, Acacb, Acly, Acot1, Acot11, Acsl1, Ces1d, Crot, Ehhadh, Fasn, Gclc, Gpam, Gulo, Hmgcr, Hmgcs1, Mvd, Nampt, Nudt7, Shmt1, Vnn1
GO:0019218	BP	e	regulation of steroid metabolic process	13/375	82/15423	8.260278783276691e-08	6	13	2.6618289474732286e-05	Agtr1a, Apoa4, Cyp17a1, Cyp7a1, Dhcr7, Erlin1, Fdps, Insig1, Insig2, Ldlr, Por, Serpina12, Srebf1
GO:0009617	BP	e	response to bacterium	23/375	260/15423	9.890737888064281e-08	5	23	3.117947611191742e-05	Ccl2, Cd4, Ces1g, Cfd, Cxcl10, Cxcl13, Cyp2b10, Cyp3a11, Cyp3a25, Fabp4, Gsta1, Gsta2, Gstm3, Hba-a2, Hmcn1, Ighm, Il22ra1, Lbp, Lyz2, Peli3, Psmb9, Stap1, Thrsp
GO:0045717	BP	e	negative regulation of fatty acid biosynthetic process	6/375	12/15423	1.621247756960087e-07	8	6	5.00206674971877e-05	Brca1, Cyp7a1, Erlin1, Insig1, Insig2, Wdtc1
GO:0090181	BP	e	regulation of cholesterol metabolic process	8/375	27/15423	1.679808111319433e-07	7	8	5.0747702963006456e-05	Cyp7a1, Dhcr7, Erlin1, Fdps, Ldlr, Por, Serpina12, Srebf1
GO:0045922	BP	e	negative regulation of fatty acid metabolic process	7/375	19/15423	1.8606279641488136e-07	7	7	5.506319613902438e-05	Acacb, Brca1, Cyp7a1, Erlin1, Insig1, Insig2, Wdtc1
GO:0042221	BP	e	response to chemical	80/375	1850/15423	1.9576791272694682e-07	2	80	5.633523209370473e-05	Aacs, Abcb11, Abhd2, Acaca, Acacb, Acsl1, Adamts7, Agtr1a, Ahr, Apoa4, Avpr1a, Brca1, Ccl2, Ccnd1, Cd4, Cdo1, Ces1d, Chrna4, Col1a1, Col3a1, Cpeb2, Crot, Cxcl10, Cxcl12, Cxcl13, Cyp1a2, Cyp26a1, Cyp2f2, Cyp7a1, Dntt, Ephx1, Erlin1, Esr1, Fabp4, Fasn, Fbp1, Gas6, Gclc, Glul, Gpam, Gsn, Gsta1, Gsta2, Gstm1, Gstm3, Gstt2, Hmgcs1, Idi1, Ildr2, Insig1, Lbp, Ldlr, Map3k5, Mapk15, Men1, Mia3, Net1, Nlrp12, Ntrk2, Paqr7, Pik3r1, Pklr, Por, Rnf125, Shmt1, Slc1a2, Slc22a7, Slc23a1, Slc25a25, Slc30a10, Spry4, Sqle, Srebf1, Stap1, Tab2, Trp53inp1, Trpc2, Ugt1a1, Wdtc1, Yod1
GO:0017144	BP	e	drug metabolic process	25/375	313/15423	1.9813094522991113e-07	3	25	5.633523209370473e-05	Acly, Acmsd, Agtr1a, Ak2, Aox1, Apoa4, Cyp17a1, Cyp1a2, Cyp2b10, Cyp2c29, Cyp2c37, Cyp2c50, Cyp2c54, Cyp2c55, Cyp2f2, Ddah1, Dhrs9, Ethe1, Hbb-bt, Moxd1, Pklr, Por, Shmt1, St6gal1, Ugt1a1
GO:0019217	BP	e	regulation of fatty acid metabolic process	12/375	74/15423	2.0223545593018667e-07	6	12	5.639646820083917e-05	Acacb, Apoa4, Avpr1a, Brca1, Cyp7a1, Elovl5, Erlin1, Insig1, Insig2, Lonp2, Srebf1, Wdtc1
GO:0009058	BP	e	biosynthetic process	73/375	1631/15423	2.3071777023195923e-07	2	73	6.312525256855926e-05	Abhd2, Acaca, Acacb, Acly, Acot11, Acsl1, Acsl3, Agtr1a, Ahr, Ak2, Apoa4, Asns, Brca1, Ces1d, Chka, Col1a1, Csad, Cyb5r3, Cyp17a1, Cyp1a2, Cyp51, Cyp7a1, Ddah1, Dhcr24, Dhcr7, Dhrs9, Dio1, Elovl2, Elovl3, Elovl5, Elovl6, Ephx1, Esr1, Fads1, Fads2, Fads3, Fasn, Fbp1, Fdft1, Fdps, G6pc, Gclc, Glul, Gpam, Gulo, Hmgcr, Hmgcs1, Hsd17b11, Hsd17b7, Idi1, Insig1, Insig2, Ldha, Lss, Mcm5, Mgll, Mgst3, Moxd1, Mvd, Nampt, Nudt7, Per2, Pgd, Pgm3, Pigb, Pklr, Pnp, Pnpla3, Shmt1, Sqle, Srebf1, Upp2, Wrnip1
GO:0044282	BP	e	small molecule catabolic process	22/375	255/15423	2.913376375963657e-07	3	22	7.823494597749813e-05	Abhd2, Acaa1b, Acmsd, Acox2, Afmid, Cdo1, Ces1d, Crot, Csad, Cyp26a1, Cyp4a31, Cyp4a32, Cyp7a1, Ddah1, Eci2, Ehhadh, Hal, Ldha, Oat, Pnp, Shmt1, Synj2
GO:0006690	BP	e	icosanoid metabolic process	12/375	77/15423	3.171787702920669e-07	6	12	8.171224268801867e-05	Cyp2b10, Cyp2c29, Cyp2c37, Cyp2c50, Cyp2c54, Cyp2c55, Cyp2f2, Cyp4a31, Cyp4a32, Fads1, Mgll, Mgst3
GO:0016054	BP	e	organic acid catabolic process	18/375	177/15423	3.211914925327263e-07	4	18	8.171224268801867e-05	Abhd2, Acaa1b, Acmsd, Acox2, Afmid, Cdo1, Ces1d, Crot, Csad, Cyp26a1, Cyp4a31, Cyp4a32, Ddah1, Eci2, Ehhadh, Hal, Oat, Shmt1
GO:0046395	BP	e	carboxylic acid catabolic process	18/375	177/15423	3.211914925327263e-07	6	18	8.171224268801867e-05	Abhd2, Acaa1b, Acmsd, Acox2, Afmid, Cdo1, Ces1d, Crot, Csad, Cyp26a1, Cyp4a31, Cyp4a32, Ddah1, Eci2, Ehhadh, Hal, Oat, Shmt1
GO:0009991	BP	e	response to extracellular stimulus	22/375	260/15423	4.071126831763575e-07	3	22	0.00010178518997828206	Aacs, Acacb, Alb, Angptl4, Asns, Clic5, Dntt, Fads1, Gabarapl1, Gas6, Glul, Klf10, Ldha, Ldlr, Map3k5, Pklr, Pnpla3, Slc1a2, Slc25a25, Slc38a3, Slc39a4, Srebf1
GO:0045833	BP	e	negative regulation of lipid metabolic process	11/375	66/15423	4.914139241672757e-07	6	11	0.00012077954770084178	Acacb, Adora1, Brca1, Crtc3, Cyp7a1, Erlin1, Esr1, Insig1, Insig2, Serpina12, Wdtc1
GO:1901568	BP	e	fatty acid derivative metabolic process	13/375	96/15423	5.497100010654338e-07	3	13	0.00013285574542416426	Acsl1, Cyp2b10, Cyp2c29, Cyp2c37, Cyp2c50, Cyp2c54, Cyp2c55, Cyp2f2, Cyp4a31, Cyp4a32, Fads1, Mgll, Mgst3
GO:0010033	BP	e	response to organic substance	68/375	1510/15423	5.774427113403078e-07	3	68	0.00013727043864173447	Aacs, Abhd2, Acaca, Acacb, Acsl1, Adamts7, Agtr1a, Ahr, Apoa4, Avpr1a, Brca1, Ccl2, Ccnd1, Cd4, Cdo1, Col1a1, Col3a1, Cpeb2, Cxcl10, Cxcl12, Cxcl13, Cyp26a1, Cyp7a1, Dntt, Ephx1, Erlin1, Esr1, Fabp4, Fasn, Gas6, Gclc, Glul, Gpam, Gsn, Gsta1, Gsta2, Gstm3, Gstt2, Hmgcs1, Idi1, Ildr2, Insig1, Lbp, Ldlr, Mapk15, Men1, Mia3, Nlrp12, Ntrk2, Paqr7, Pik3r1, Pklr, Por, Rnf125, Shmt1, Slc1a2, Slc22a7, Slc30a10, Spry4, Sqle, Srebf1, Stap1, Tab2, Trp53inp1, Trpc2, Ugt1a1, Wdtc1, Yod1
GO:0019369	BP	e	arachidonic acid metabolic process	9/375	42/15423	5.91907871674947e-07	9	9	0.0001373084610555132	Cyp2b10, Cyp2c29, Cyp2c37, Cyp2c50, Cyp2c54, Cyp2c55, Cyp2f2, Fads1, Mgll
GO:0019637	BP	e	organophosphate metabolic process	35/375	575/15423	5.965404486930096e-07	4	35	0.0001373084610555132	Acaca, Acacb, Acly, Acot1, Acot11, Acsl1, Ak2, Apoa4, Ces1d, Chka, Crot, Ehhadh, Fasn, Fbp1, Fdft1, Fdps, G6pc, Gpam, Hmgcr, Hmgcs1, Idi1, Mvd, Nampt, Nudt7, Pgd, Pgm3, Pigb, Pik3r1, Pklr, Pnp, Pnpla3, Shmt1, Synj2, Ttc7, Upp2
GO:0090207	BP	e	regulation of triglyceride metabolic process	9/375	43/15423	7.326841014010276e-07	6	9	0.0001660101899127547	Apoa4, Ces1g, Esr1, Fgf21, Gpam, Ldlr, Serpina12, Srebf1, Thrsp
GO:0044248	BP	e	cellular catabolic process	56/375	1161/15423	7.708016423828264e-07	3	56	0.00017195991717220563	Abhd2, Acaa1b, Acmsd, Acox2, Acsl1, Afmid, Aox1, Apoa4, Arntl, Atg2b, Cdo1, Ces1d, Clock, Crot, Csad, Cyp1a2, Cyp26a1, Cyp2b10, Cyp2c29, Cyp2c37, Cyp2c50, Cyp2c54, Cyp2c55, Cyp2f2, Cyp4a31, Cyp4a32, Ddah1, Eci2, Ehhadh, Ephx1, Erlin1, G6pc, Gabarapl1, Gpc1, Gstm1, Gstm4, Hal, Hbb-bt, Ldlr, Lgals8, Mgll, Moxd1, Nudt7, Oat, Pnp, Pnpla3, Por, Psmb9, Shmt1, Tet1, Trp53inp1, Ube2l6, Ugt1a1, Upp2, Usp2, Yod1
GO:0045834	BP	e	positive regulation of lipid metabolic process	15/375	134/15423	9.169832848510793e-07	6	15	0.00020036290591684413	Acsl3, Adora1, Agtr1a, Angptl4, Apoa4, Avpr1a, Cyp17a1, Cyp7a1, Elovl5, Fdps, Fgf21, Gpam, Ldlr, Por, Srebf1
GO:0016042	BP	e	lipid catabolic process	19/375	210/15423	9.257509617563312e-07	4	19	0.00020036290591684413	Abhd2, Acaa1b, Acox2, Adora1, Apoa4, Ces1d, Ces1g, Crot, Cyp1a2, Cyp26a1, Cyp4a31, Cyp4a32, Cyp7a1, Eci2, Ehhadh, Hsd17b11, Mgll, Pnpla3, Pnpla7
GO:0033559	BP	e	unsaturated fatty acid metabolic process	11/375	71/15423	1.050786745187046e-06	8	11	0.0002240802734111376	Cyp2b10, Cyp2c29, Cyp2c37, Cyp2c50, Cyp2c54, Cyp2c55, Cyp2f2, Cyp4a31, Cyp4a32, Fads1, Mgll
GO:0015711	BP	e	organic anion transport	21/375	254/15423	1.0930457284756323e-06	6	21	0.00022971385664674121	Abcb11, Abcc3, Abcg8, Acsl1, Acsl3, Apoa4, Crot, Fabp2, Fabp4, G6pc, Ldlr, Lrp2, Mfsd2a, Ntrk2, Slc17a8, Slc1a2, Slc22a7, Slc23a1, Slc26a1, Slc38a3, Slc4a4
GO:0019373	BP	e	epoxygenase P450 pathway	7/375	24/15423	1.1505098910305455e-06	10	7	0.00023833634185477058	Cyp2b10, Cyp2c29, Cyp2c37, Cyp2c50, Cyp2c54, Cyp2c55, Cyp2f2
GO:0072521	BP	e	purine-containing compound metabolic process	21/375	256/15423	1.241243222320694e-06	4	21	0.0002535108164348223	Acaca, Acacb, Acly, Acot1, Acot11, Acsl1, Ak2, Aox1, Ces1d, Crot, Ehhadh, Fasn, G6pc, Gpam, Hmgcr, Hmgcs1, Mvd, Nudt7, Pklr, Pnp, Shmt1
GO:0106118	BP	e	regulation of sterol biosynthetic process	6/375	16/15423	1.2935917999098544e-06	8	6	0.0002569640368560657	Cyp7a1, Dhcr7, Erlin1, Fdps, Por, Srebf1
GO:0045540	BP	e	regulation of cholesterol biosynthetic process	6/375	16/15423	1.2935917999098544e-06	9	6	0.0002569640368560657	Cyp7a1, Dhcr7, Erlin1, Fdps, Por, Srebf1
GO:0071704	BP	e	organic substance metabolic process	172/375	5226/15423	1.3658559541054844e-06	2	172	0.00026677806858320445	4932438A13Rik, Aacs, Abhd2, Acaa1b, Acaca, Acacb, Acly, Acmsd, Acot1, Acot11, Acox2, Acsl1, Acsl3, Adam11, Adamts7, Adora1, Afmid, Agtr1a, Ahr, Ak2, Aox1, Apoa4, Arntl, Asns, Brca1, Ccnd1, Ccnl1, Cdc14b, Cdo1, Ces1d, Ces1g, Ces2a, Cfd, Chka, Chrna4, Clock, Clpx, Col3a1, Crot, Csad, Cyb5r3, Cyp17a1, Cyp1a2, Cyp26a1, Cyp2b10, Cyp2c29, Cyp2c37, Cyp2c50, Cyp2c54, Cyp2c55, Cyp2f2, Cyp4a10, Cyp4a31, Cyp4a32, Cyp51, Cyp7a1, Ddah1, Dhcr24, Dhcr7, Dhrs9, Dio1, Dntt, Dtx4, Dusp6, Eci2, Ehhadh, Elovl2, Elovl3, Elovl5, Elovl6, Ephx1, Erlin1, Esr1, Ethe1, Fabp2, Fabp4, Fads1, Fads2, Fads3, Fasn, Fbln1, Fbp1, Fdft1, Fdps, Fgfr2, G6pc, Gas6, Gclc, Glul, Gpam, Gpc1, Gsn, Gsta1, Gstm1, Gstm4, Gstt2, Gstt3, Gulo, Hal, Hist1h1c, Hmgcr, Hmgcs1, Hsd17b11, Hsd17b7, Htatip2, Idi1, Insig1, Insig2, Ldha, Ldlr, Lhpp, Lonp2, Lss, Mad2l2, Map3k5, Mapk15, Mcm5, Men1, Mgll, Mgst3, Moxd1, Mvd, Nampt, Ntrk2, Nudt7, Oat, Pcsk4, Peli3, Per2, Pgd, Pgm3, Pigb, Pik3r1, Pklr, Pnp, Pnpla3, Pnpla7, Por, Ppp2r2d, Psmb9, Pum2, Rbpms, Retsat, Sash1, Sbk1, Serpina6, Sgk2, Shmt1, Slc5a3, Spns2, Sqle, Srebf1, Srrm2, St6gal1, Synj2, Tet1, Thrsp, Tnks2, Trpc2, Ttc7, Tymp, Ube2l6, Ugt1a1, Ugt1a9, Upp2, Usp2, Vnn1, Wdtc1, Wee1, Wrnip1, Yod1, Zap70
GO:0010565	BP	e	regulation of cellular ketone metabolic process	13/375	104/15423	1.3980575358601423e-06	5	13	0.00026677806858320445	Acacb, Apoa4, Avpr1a, Brca1, Cyp7a1, Elovl5, Erlin1, Insig1, Insig2, Lonp2, Srebf1, Ugt1a1, Wdtc1
GO:0062014	BP	e	negative regulation of small molecule metabolic process	11/375	73/15423	1.3981886223242216e-06	5	11	0.00026677806858320445	Acacb, Acmsd, Brca1, Cyp7a1, Erlin1, Fbp1, Insig1, Insig2, Serpina12, Ugt1a1, Wdtc1
GO:0008299	BP	e	isoprenoid biosynthetic process	7/375	25/15423	1.564719502218043e-06	6	7	0.00029467529222940056	Dhrs9, Fdft1, Fdps, Hmgcr, Hmgcs1, Idi1, Mvd
GO:1901576	BP	e	organic substance biosynthetic process	69/375	1583/15423	1.5918460076408328e-06	3	69	0.0002959404994461502	Abhd2, Acaca, Acacb, Acly, Acot11, Acsl1, Acsl3, Agtr1a, Ahr, Ak2, Apoa4, Asns, Brca1, Ces1d, Chka, Csad, Cyb5r3, Cyp17a1, Cyp51, Cyp7a1, Dhcr24, Dhcr7, Dhrs9, Elovl2, Elovl3, Elovl5, Elovl6, Ephx1, Esr1, Fads1, Fads2, Fads3, Fasn, Fbp1, Fdft1, Fdps, G6pc, Gclc, Glul, Gpam, Gulo, Hmgcr, Hmgcs1, Hsd17b11, Hsd17b7, Idi1, Insig1, Insig2, Ldha, Lss, Mcm5, Mgll, Mgst3, Moxd1, Mvd, Nampt, Nudt7, Per2, Pgd, Pgm3, Pigb, Pklr, Pnp, Pnpla3, Shmt1, Sqle, Srebf1, Upp2, Wrnip1
GO:0006720	BP	e	isoprenoid metabolic process	10/375	60/15423	1.6354927389175973e-06	5	10	0.0003002060785701782	Cyp1a2, Cyp26a1, Dhrs9, Fdft1, Fdps, Hmgcr, Hmgcs1, Idi1, Mvd, Retsat
GO:0031667	BP	e	response to nutrient levels	20/375	242/15423	1.9862889943952684e-06	4	20	0.00036003970884657235	Aacs, Acacb, Alb, Angptl4, Asns, Clic5, Dntt, Fads1, Gabarapl1, Gas6, Glul, Klf10, Ldlr, Map3k5, Pklr, Pnpla3, Slc25a25, Slc38a3, Slc39a4, Srebf1
GO:0046889	BP	e	positive regulation of lipid biosynthetic process	11/375	78/15423	2.741701175672487e-06	7	11	0.0004901622478735536	Acsl3, Apoa4, Avpr1a, Cyp17a1, Cyp7a1, Elovl5, Fdps, Gpam, Ldlr, Por, Srebf1
GO:0006084	BP	e	acetyl-CoA metabolic process	7/375	27/15423	2.771760866535508e-06	11	7	0.0004901622478735536	Acaca, Acacb, Acly, Fasn, Hmgcs1, Mvd, Nudt7
GO:0009150	BP	e	purine ribonucleotide metabolic process	18/375	209/15423	3.6261613728052655e-06	9	18	0.0006335297116511947	Acaca, Acacb, Acly, Acot1, Acot11, Acsl1, Ak2, Ces1d, Crot, Ehhadh, Fasn, Gpam, Hmgcr, Hmgcs1, Mvd, Nudt7, Pklr, Pnp
GO:0042738	BP	e	exogenous drug catabolic process	8/375	40/15423	4.4133433381780015e-06	5	8	0.0007618796636538	Cyp1a2, Cyp2b10, Cyp2c29, Cyp2c37, Cyp2c50, Cyp2c54, Cyp2c55, Cyp2f2
GO:0034626	BP	e	fatty acid elongation, polyunsaturated fatty acid	4/375	6/15423	4.964362459076687e-06	11	4	0.0008180479547621708	Elovl2, Elovl3, Elovl5, Elovl6
GO:0034625	BP	e	fatty acid elongation, monounsaturated fatty acid	4/375	6/15423	4.964362459076687e-06	11	4	0.0008180479547621708	Elovl2, Elovl3, Elovl5, Elovl6
GO:0019368	BP	e	fatty acid elongation, unsaturated fatty acid	4/375	6/15423	4.964362459076687e-06	10	4	0.0008180479547621708	Elovl2, Elovl3, Elovl5, Elovl6
GO:0019367	BP	e	fatty acid elongation, saturated fatty acid	4/375	6/15423	4.964362459076687e-06	10	4	0.0008180479547621708	Elovl2, Elovl3, Elovl5, Elovl6
GO:0044238	BP	e	primary metabolic process	162/375	4945/15423	5.1940024755478104e-06	2	162	0.0008462722460440314	4932438A13Rik, Aacs, Abhd2, Acaa1b, Acaca, Acacb, Acly, Acmsd, Acot1, Acot11, Acox2, Acsl1, Acsl3, Adam11, Adamts7, Adora1, Afmid, Agtr1a, Ahr, Ak2, Aox1, Apoa4, Arntl, Asns, Brca1, Ccnd1, Ccnl1, Cdc14b, Cdo1, Ces1d, Ces1g, Ces2a, Cfd, Chka, Chrna4, Clock, Clpx, Col3a1, Crot, Csad, Cyb5r3, Cyp17a1, Cyp1a2, Cyp26a1, Cyp2b10, Cyp2c29, Cyp2c37, Cyp2c50, Cyp2c54, Cyp2c55, Cyp2f2, Cyp4a10, Cyp4a31, Cyp4a32, Cyp51, Cyp7a1, Ddah1, Dhcr24, Dhcr7, Dhrs9, Dntt, Dtx4, Dusp6, Eci2, Ehhadh, Elovl2, Elovl3, Elovl5, Elovl6, Erlin1, Esr1, Fabp2, Fabp4, Fads1, Fads2, Fads3, Fasn, Fbln1, Fbp1, Fdft1, Fdps, Fgfr2, G6pc, Gas6, Gclc, Glul, Gpam, Gpc1, Gsn, Gulo, Hal, Hist1h1c, Hmgcr, Hmgcs1, Hsd17b11, Hsd17b7, Htatip2, Idi1, Insig1, Insig2, Ldha, Ldlr, Lhpp, Lonp2, Lss, Mad2l2, Map3k5, Mapk15, Mcm5, Men1, Mgll, Mgst3, Mvd, Nampt, Ntrk2, Nudt7, Oat, Pcsk4, Peli3, Per2, Pgd, Pgm3, Pigb, Pik3r1, Pklr, Pnp, Pnpla3, Pnpla7, Por, Ppp2r2d, Psmb9, Pum2, Rbpms, Retsat, Sash1, Sbk1, Serpina6, Sgk2, Shmt1, Slc5a3, Spns2, Sqle, Srebf1, Srrm2, St6gal1, Synj2, Tet1, Thrsp, Tnks2, Trpc2, Ttc7, Tymp, Ube2l6, Ugt1a1, Ugt1a9, Upp2, Usp2, Wdtc1, Wee1, Wrnip1, Yod1, Zap70
GO:0045940	BP	e	positive regulation of steroid metabolic process	7/375	30/15423	5.966686847557349e-06	7	7	0.0009553453583262698	Agtr1a, Apoa4, Cyp17a1, Cyp7a1, Fdps, Por, Srebf1
GO:0010817	BP	e	regulation of hormone levels	24/375	353/15423	5.9952022348590134e-06	3	24	0.0009553453583262698	Aacs, Acaa1b, Adora1, Agtr1a, Arntl, Clock, Cyp17a1, Cyp26a1, Dhcr7, Dhrs9, Dio1, Esr1, Glul, Hmgcr, Hsd17b11, Ildr2, Lrp2, Pcsk4, Per2, Por, Rab11fip2, Retsat, Serpina6, Srebf1
GO:0006820	BP	e	anion transport	22/375	308/15423	6.744305003641134e-06	5	22	0.0010630344223673922	Abcb11, Abcc3, Abcg8, Acsl1, Acsl3, Apoa4, Clic5, Crot, Fabp2, Fabp4, G6pc, Ldlr, Lrp2, Mfsd2a, Ntrk2, Slc17a8, Slc1a2, Slc22a7, Slc23a1, Slc26a1, Slc38a3, Slc4a4
GO:0055086	BP	e	nucleobase-containing small molecule metabolic process	24/375	356/15423	6.919269990101911e-06	5	24	0.0010773716127437732	Acaca, Acacb, Acly, Acot1, Acot11, Acsl1, Ak2, Aox1, Ces1d, Crot, Ehhadh, Fasn, Gpam, Hmgcr, Hmgcs1, Mvd, Nampt, Nudt7, Pgm3, Pklr, Pnp, Shmt1, Tymp, Upp2
GO:0009259	BP	e	ribonucleotide metabolic process	18/375	219/15423	6.9838584647896484e-06	8	18	0.0010773716127437732	Acaca, Acacb, Acly, Acot1, Acot11, Acsl1, Ak2, Ces1d, Crot, Ehhadh, Fasn, Gpam, Hmgcr, Hmgcs1, Mvd, Nudt7, Pklr, Pnp
GO:0050810	BP	e	regulation of steroid biosynthetic process	9/375	56/15423	7.4482221162869285e-06	7	9	0.0011369123042976501	Cyp17a1, Cyp7a1, Dhcr7, Erlin1, Fdps, Insig1, Insig2, Por, Srebf1
GO:0062012	BP	e	regulation of small molecule metabolic process	20/375	265/15423	7.877886855250034e-06	4	20	0.0011899712217497995	Acacb, Acmsd, Apoa4, Avpr1a, Brca1, Cyp7a1, Dhcr7, Elovl5, Erlin1, Fbp1, Fdps, Insig1, Insig2, Ldlr, Lonp2, Por, Serpina12, Srebf1, Ugt1a1, Wdtc1
GO:0009117	BP	e	nucleotide metabolic process	21/375	289/15423	8.404943159941993e-06	7	21	0.0012564956779620498	Acaca, Acacb, Acly, Acot1, Acot11, Acsl1, Ak2, Ces1d, Crot, Ehhadh, Fasn, Gpam, Hmgcr, Hmgcs1, Mvd, Nampt, Nudt7, Pklr, Pnp, Shmt1, Upp2
GO:0006163	BP	e	purine nucleotide metabolic process	18/375	223/15423	8.972593494130582e-06	8	18	0.0013276691659019138	Acaca, Acacb, Acly, Acot1, Acot11, Acsl1, Ak2, Ces1d, Crot, Ehhadh, Fasn, Gpam, Hmgcr, Hmgcs1, Mvd, Nudt7, Pklr, Pnp
GO:0055088	BP	e	lipid homeostasis	13/375	124/15423	1.01198339705222e-05	5	13	0.0014761951124364655	Abcg8, Acaca, Acox2, Adora1, Angptl4, Apoa4, Cyp7a1, Fabp4, G6pc, Gpam, Insig1, Ldlr, Pnpla3
GO:0006639	BP	e	acylglycerol metabolic process	10/375	73/15423	1.0179953882052724e-05	6	10	0.0014761951124364655	Abhd2, Acsl1, Apoa4, Ces1d, G6pc, Gpam, Insig1, Insig2, Mgll, Pnpla3
GO:0042737	BP	e	drug catabolic process	12/375	107/15423	1.1115988458201162e-05	4	12	0.0015959697884393568	Apoa4, Cyp1a2, Cyp2b10, Cyp2c29, Cyp2c37, Cyp2c50, Cyp2c54, Cyp2c55, Cyp2f2, Hbb-bt, Moxd1, Por
GO:0042761	BP	e	very long-chain fatty acid biosynthetic process	4/375	7/15423	1.1360883131626642e-05	9	4	0.0016151388852129209	Elovl2, Elovl3, Elovl5, Elovl6
GO:0006638	BP	e	neutral lipid metabolic process	10/375	74/15423	1.1519477013167668e-05	5	10	0.0016217857880382947	Abhd2, Acsl1, Apoa4, Ces1d, G6pc, Gpam, Insig1, Insig2, Mgll, Pnpla3
GO:0015849	BP	e	organic acid transport	15/375	165/15423	1.2306114288787222e-05	5	15	0.0016995329838257476	Abcb11, Abcc3, Acsl1, Acsl3, Crot, Fabp2, Fabp4, Lrp2, Mfsd2a, Ntrk2, Slc17a8, Slc1a2, Slc23a1, Slc26a1, Slc38a3
GO:0046942	BP	e	carboxylic acid transport	15/375	165/15423	1.2306114288787222e-05	7	15	0.0016995329838257476	Abcb11, Abcc3, Acsl1, Acsl3, Crot, Fabp2, Fabp4, Lrp2, Mfsd2a, Ntrk2, Slc17a8, Slc1a2, Slc23a1, Slc26a1, Slc38a3
GO:0019693	BP	e	ribose phosphate metabolic process	18/375	229/15423	1.2914809717704398e-05	5	18	0.0017667703369474666	Acaca, Acacb, Acly, Acot1, Acot11, Acsl1, Ak2, Ces1d, Crot, Ehhadh, Fasn, Gpam, Hmgcr, Hmgcs1, Mvd, Nudt7, Pklr, Pnp
GO:0006753	BP	e	nucleoside phosphate metabolic process	21/375	298/15423	1.341323436983553e-05	6	21	0.0018178066504391124	Acaca, Acacb, Acly, Acot1, Acot11, Acsl1, Ak2, Ces1d, Crot, Ehhadh, Fasn, Gpam, Hmgcr, Hmgcs1, Mvd, Nampt, Nudt7, Pklr, Pnp, Shmt1, Upp2
GO:0042178	BP	e	xenobiotic catabolic process	5/375	14/15423	1.3824255984449595e-05	4	5	0.001856162370652811	Acaa1b, Acsl1, Gstm1, Gstm4, Ugt1a1
GO:0051707	BP	e	response to other organism	33/375	606/15423	1.761168001908666e-05	4	33	0.0023429997427227124	Apoa4, C9, Ccl2, Cd4, Ces1g, Cfd, Cxcl10, Cxcl13, Cyp2b10, Cyp3a11, Cyp3a25, Fabp4, Gpam, Gsta1, Gsta2, Gstm3, Hba-a2, Hmcn1, Ighm, Il22ra1, Lbp, Lgals8, Lyz2, Map3k5, Peli3, Pklr, Psmb9, Stap1, Thrsp, Tifa, Tlr12, Vnn1, Wrnip1
GO:1901362	BP	e	organic cyclic compound biosynthetic process	36/375	694/15423	2.029766056017434e-05	4	36	0.0026757852343917104	Acacb, Acly, Acsl1, Agtr1a, Ahr, Ak2, Apoa4, Ces1d, Cyb5r3, Cyp17a1, Cyp51, Cyp7a1, Dhcr24, Dhcr7, Esr1, Fdft1, Fdps, Hmgcr, Hmgcs1, Hsd17b11, Hsd17b7, Insig1, Insig2, Lss, Moxd1, Mvd, Nampt, Nudt7, Pgm3, Pklr, Pnp, Shmt1, Sqle, Srebf1, Upp2, Wrnip1
GO:0014070	BP	e	response to organic cyclic compound	25/375	407/15423	2.1970426608258493e-05	4	25	0.0028333781533925848	Aacs, Abhd2, Acaca, Acacb, Agtr1a, Ahr, Apoa4, Brca1, Cdo1, Cyp7a1, Dntt, Ephx1, Esr1, Gsta1, Gsta2, Gstm3, Hmgcs1, Idi1, Insig1, Mapk15, Paqr7, Pik3r1, Pklr, Shmt1, Slc22a7
GO:0090205	BP	e	positive regulation of cholesterol metabolic process	4/375	8/15423	2.2285402700651435e-05	8	4	0.0028333781533925848	Cyp7a1, Fdps, Por, Srebf1
GO:0106120	BP	e	positive regulation of sterol biosynthetic process	4/375	8/15423	2.2285402700651435e-05	9	4	0.0028333781533925848	Cyp7a1, Fdps, Por, Srebf1
GO:0045542	BP	e	positive regulation of cholesterol biosynthetic process	4/375	8/15423	2.2285402700651435e-05	10	4	0.0028333781533925848	Cyp7a1, Fdps, Por, Srebf1
GO:0065008	BP	e	regulation of biological quality	94/375	2580/15423	3.237073893929882e-05	2	94	0.004046621425506656	4932438A13Rik, Aacs, Abcg8, Acaa1b, Acaca, Acacb, Acot11, Acox2, Acsl1, Acta2, Adora1, Agtr1a, Ahr, Alb, Angptl4, Apoa4, Arntl, Atp1b1, Avpr1a, Brwd1, C7, C9, Ccl2, Ccnd1, Cd4, Cdo1, Chka, Chrna4, Clock, Cntnap1, Crtc3, Cxcl10, Cxcl13, Cyp17a1, Cyp26a1, Cyp7a1, Ddah1, Dhcr7, Dhrs9, Dio1, Elovl3, Elovl6, Esr1, Fabp4, Fgf21, G6pc, Gas6, Gclc, Glul, Gpam, Gsn, Hmgcr, Homer2, Hsd17b11, Ildr2, Insig1, Lbp, Ldlr, Lrp2, Lss, Mapk15, Men1, Mgll, Mmrn1, Moxd1, Nampt, Ntrk2, Pcsk4, Per2, Per3, Pik3r1, Plxnb1, Pnpla3, Por, Ppp1r10, Pum2, Rab11fip2, Retsat, Serpina6, Shmt1, Slc17a8, Slc1a2, Slc22a3, Slc39a4, Slc4a4, Spns2, Srebf1, Syne1, Tnks2, Trpc2, Ttc7, Usp2, Vwf, Wdtc1
GO:0030497	BP	e	fatty acid elongation	4/375	9/15423	3.9343953191777346e-05	9	4	0.004876296284050968	Elovl2, Elovl3, Elovl5, Elovl6
GO:0051055	BP	e	negative regulation of lipid biosynthetic process	7/375	40/15423	4.432174057803206e-05	7	7	0.005446691187474939	Brca1, Cyp7a1, Erlin1, Insig1, Insig2, Serpina12, Wdtc1
GO:0007623	BP	e	circadian rhythm	11/375	106/15423	5.339742368723421e-05	2	11	0.006506857486458683	Ahr, Arntl, Clock, Dbp, Klf10, Nampt, Ntrk2, Per2, Per3, Srebf1, Usp2
GO:0045338	BP	e	farnesyl diphosphate metabolic process	3/375	4/15423	5.601699198492153e-05	7	3	0.006769186673111226	Fdft1, Fdps, Hmgcs1
GO:0044237	BP	e	cellular metabolic process	160/375	5063/15423	5.817954696626845e-05	2	160	0.006972410004610403	Aacs, Abhd2, Acaa1b, Acaca, Acacb, Acly, Acmsd, Acot1, Acot11, Acox2, Acsl1, Acsl3, Adck5, Afmid, Agtr1a, Ahr, Ak2, Aox1, Apoa4, Arntl, Arsg, Asns, Atg2b, Brca1, Ccnd1, Ccnl1, Cdc14b, Cdo1, Ces1d, Ces2a, Chka, Chrna4, Clock, Col3a1, Crot, Csad, Cyp17a1, Cyp1a2, Cyp26a1, Cyp2b10, Cyp2c29, Cyp2c37, Cyp2c50, Cyp2c54, Cyp2c55, Cyp2f2, Cyp4a10, Cyp4a31, Cyp4a32, Cyp7a1, Ddah1, Dhrs9, Dio1, Dntt, Dtx4, Dusp6, Eci2, Ehhadh, Elovl2, Elovl3, Elovl5, Elovl6, Ephx1, Erlin1, Esr1, Ethe1, Fabp2, Fabp4, Fads1, Fads2, Fads3, Fasn, Fbp1, Fdft1, Fdps, Fgfr2, G6pc, Gabarapl1, Gas6, Gclc, Glul, Gpam, Gpc1, Gsta1, Gstm1, Gstm4, Gstt2, Gstt3, Gulo, Hal, Hbb-bt, Hist1h1c, Hmgcr, Hmgcs1, Hsd17b11, Htatip2, Idi1, Insig1, Insig2, Ldha, Ldlr, Lgals8, Lhpp, Mad2l2, Map3k5, Mapk15, Mcm5, Men1, Mgll, Mgst3, Moxd1, Mvd, Nampt, Ntrk2, Nudt7, Oat, Pcsk4, Peli3, Per2, Pgd, Pgm3, Pigb, Pik3r1, Pklr, Pnp, Pnpla3, Por, Ppp2r2d, Psmb9, Pum2, Rbpms, Retsat, Sash1, Sbk1, Sgk2, Shmt1, Slc25a25, Slc5a3, Spns2, Sqle, Srebf1, Srrm2, St6gal1, Synj2, Tet1, Tnks2, Trp53inp1, Trpc2, Ttc7, Tymp, Ube2l6, Ugt1a1, Ugt1a9, Upp2, Usp2, Vnn1, Wee1, Wrnip1, Yod1, Zap70
GO:0072329	BP	e	monocarboxylic acid catabolic process	10/375	89/15423	5.903086566339459e-05	7	10	0.007006832928585182	Abhd2, Acaa1b, Acox2, Ces1d, Crot, Cyp26a1, Cyp4a31, Cyp4a32, Eci2, Ehhadh
GO:0009062	BP	e	fatty acid catabolic process	9/375	72/15423	5.9433173589130224e-05	8	9	0.007006832928585182	Abhd2, Acaa1b, Acox2, Ces1d, Crot, Cyp4a31, Cyp4a32, Eci2, Ehhadh
GO:0042445	BP	e	hormone metabolic process	11/375	108/15423	6.345936740674715e-05	4	11	0.007421163602945487	Acaa1b, Cyp17a1, Cyp26a1, Dhcr7, Dhrs9, Dio1, Esr1, Hsd17b11, Pcsk4, Retsat, Serpina6
GO:0044242	BP	e	cellular lipid catabolic process	13/375	148/15423	6.66267830466685e-05	5	13	0.00772923984767792	Abhd2, Acaa1b, Acox2, Apoa4, Ces1d, Crot, Cyp26a1, Cyp4a31, Cyp4a32, Eci2, Ehhadh, Mgll, Pnpla3
GO:0009267	BP	e	cellular response to starvation	12/375	128/15423	6.737331115804943e-05	6	12	0.007753812580181546	Alb, Angptl4, Asns, Fads1, Gabarapl1, Gas6, Glul, Klf10, Map3k5, Slc38a3, Slc39a4, Srebf1
GO:0006721	BP	e	terpenoid metabolic process	7/375	43/15423	7.195388666102164e-05	6	7	0.008215774098200589	Cyp1a2, Cyp26a1, Dhrs9, Fdft1, Fdps, Hmgcs1, Retsat
GO:1901575	BP	e	organic substance catabolic process	49/375	1132/15423	7.719425902607085e-05	3	49	0.008745265235445731	Abhd2, Acaa1b, Acmsd, Acox2, Adora1, Afmid, Aox1, Apoa4, Arntl, Cdo1, Ces1d, Ces1g, Clock, Clpx, Crot, Csad, Cyp1a2, Cyp26a1, Cyp4a31, Cyp4a32, Cyp7a1, Ddah1, Eci2, Ehhadh, Erlin1, G6pc, Gpc1, Hal, Hsd17b11, Ldha, Ldlr, Lonp2, Mgll, Moxd1, Nudt7, Oat, Pklr, Pnp, Pnpla3, Pnpla7, Psmb9, Shmt1, Synj2, Tet1, Ube2l6, Ugt1a1, Upp2, Usp2, Yod1
GO:0006869	BP	e	lipid transport	15/375	195/15423	8.652883502059573e-05	5	15	0.009726780128943091	Abca8b, Abcb11, Abcc3, Abcg8, Acsl1, Acsl3, Apoa4, Crot, Fabp2, Fabp4, Lbp, Ldlr, Mfsd2a, Spns2, Tex2
GO:0050994	BP	e	regulation of lipid catabolic process	7/375	45/15423	9.71865832745987e-05	6	7	0.01084078956973043	Acacb, Adora1, Apoa4, Crtc3, Fgf21, Ldlr, Lonp2
GO:0031668	BP	e	cellular response to extracellular stimulus	14/375	176/15423	0.00010370383090651551	4	14	0.01147945993874337	Alb, Angptl4, Asns, Fads1, Gabarapl1, Gas6, Glul, Klf10, Ldha, Map3k5, Slc1a2, Slc38a3, Slc39a4, Srebf1
GO:0006749	BP	e	glutathione metabolic process	7/375	46/15423	0.00011226393711194525	6	7	0.012332873879244833	Ethe1, Gclc, Gsta1, Gstm1, Gstm4, Gstt2, Gstt3
GO:0035634	BP	e	response to stilbenoid	5/375	21/15423	0.0001220990455316442	5	5	0.01331246811469453	Apoa4, Gsta1, Gsta2, Idi1, Slc22a7
GO:0015718	BP	e	monocarboxylic acid transport	9/375	79/15423	0.00012378302743010986	8	9	0.013331578734670228	Abcb11, Abcc3, Acsl1, Acsl3, Crot, Fabp2, Fabp4, Mfsd2a, Slc38a3
GO:0008150	BP	e	biological_process	335/375	12665/15423	0.00012411303559619894	0	335	0.013331578734670228	1810058I24Rik, 4932438A13Rik, 5031439G07Rik, A930033H14Rik, Aacs, Abca8b, Abcb11, Abcc3, Abcg8, Abhd2, Acaa1b, Acaca, Acacb, Acly, Acmsd, Acot1, Acot11, Acox2, Acsl1, Acsl3, Acta2, Adam11, Adamts7, Adck5, Adora1, Afmid, Agtr1a, Ahr, Ak2, Alb, Angptl4, Anks1, Aox1, Apoa4, Apon, Arhgap26, Arntl, Arsg, Asap2, Asns, Atg2b, Atp1b1, Avpr1a, Brca1, Brwd1, C2cd2, C4a, C7, C9, Ccdc171, Ccl2, Ccnd1, Ccnl1, Cd200, Cd4, Cdc14b, Cdo1, Ces1d, Ces1g, Ces2a, Cfd, Chka, Chrna4, Clic5, Clock, Clpx, Cnn1, Cntnap1, Col1a1, Col27a1, Col3a1, Cpeb2, Creg1, Crot, Crtc3, Csad, Cxcl10, Cxcl12, Cxcl13, Cyb5r3, Cyp17a1, Cyp1a2, Cyp26a1, Cyp2b10, Cyp2c29, Cyp2c37, Cyp2c50, Cyp2c54, Cyp2c55, Cyp2f2, Cyp3a11, Cyp3a25, Cyp3a59, Cyp4a10, Cyp4a12a, Cyp4a12b, Cyp4a14, Cyp4a31, Cyp4a32, Cyp51, Cyp7a1, Dbp, Ddah1, Dhcr24, Dhcr7, Dhrs9, Dio1, Dntt, Dpt, Dtx4, Dusp6, E030018B13Rik, Eci2, Ehhadh, Elovl2, Elovl3, Elovl5, Elovl6, Ephx1, Erlin1, Esr1, Ethe1, Ets2, Fabp2, Fabp4, Fads1, Fads2, Fads3, Fam102a, Fam210a, Fam214a, Fam47e, Fasn, Fbf1, Fbln1, Fbp1, Fbxo21, Fdft1, Fdps, Fgf21, Fgfr2, G6pc, Gabarapl1, Gas6, Gclc, Glul, Gm15446, Gm4952, Gnat1, Gpam, Gpc1, Gsn, Gsta1, Gsta2, Gstm1, Gstm3, Gstm4, Gstt2, Gstt3, Gulo, H2-Q1, Hal, Hba-a2, Hbb-bt, Hes6, Hist1h1c, Hivep1, Hmcn1, Hmgcr, Hmgcs1, Homer2, Hsd17b11, Hsd17b7, Htatip2, Idi1, Igfbp1, Igfbp2, Ighm, Il22ra1, Ildr2, Inhbc, Insig1, Insig2, Irf2bp2, Irf6, Kansl1l, Kif1b, Klf10, Knstrn, Lbp, Ldha, Ldlr, Lect2, Lgals8, Lhpp, Lmo7, Lonp2, Lrp2, Lrtm1, Lss, Lyz2, Mad2l2, Maf, Map3k5, Mapk15, Marveld1, Mcm5, Med12l, Megf6, Men1, Mfsd2a, Mgll, Mgst3, Mia3, Mmd2, Mmrn1, Moxd1, Mreg, Mug2, Mvd, Myh11, Nampt, Net1, Nlrp12, Nnmt, Nrep, Ntrk2, Nudt7, Oat, Paqr7, Pcdh20, Pcsk4, Peg3, Peli3, Per2, Per3, Pgd, Pgm3, Pgrmc1, Pigb, Pigr, Pik3r1, Pkhd1l1, Pklr, Plxnb1, Pnp, Pnpla3, Pnpla7, Por, Ppp1r10, Ppp2r2d, Pram1, Prob1, Psmb9, Pter, Pum2, Rab11fip2, Rbpms, Retsat, Rin2, Rnf125, Robo1, Rreb1, Sash1, Sbk1, Sdc1, Serpina12, Serpina6, Serpinb1a, Sgk2, Shmt1, Simc1, Slc17a8, Slc1a2, Slc22a27, Slc22a3, Slc22a7, Slc23a1, Slc25a25, Slc26a1, Slc30a10, Slc38a3, Slc39a4, Slc4a4, Slc5a3, Smim13, Snhg11, Spc24, Spns2, Spry4, Sqle, Srebf1, Srrm2, St6gal1, Stap1, Sult5a1, Syne1, Synj2, Tab2, Tcp11l2, Tef, Tet1, Tex2, Tgfa, Thrsp, Tifa, Tlr12, Tmem120b, Tmem56, Tnks2, Trim7, Tro, Trp53inp1, Trpc2, Tsc22d2, Tspan31, Tspan4, Ttc23, Ttc7, Tubb2a, Txnip, Tymp, Ube2l6, Ugt1a1, Ugt1a9, Upp2, Usp2, Vnn1, Vwf, Wdtc1, Wee1, Wrnip1, Wsb1, Yod1, Zap70
GO:0071496	BP	e	cellular response to external stimulus	15/375	203/15423	0.00013569782917735514	3	15	0.014468781036035492	Alb, Angptl4, Asns, Col1a1, Fads1, Gabarapl1, Gas6, Glul, Klf10, Ldha, Map3k5, Slc1a2, Slc38a3, Slc39a4, Srebf1
GO:0050829	BP	e	defense response to Gram-negative bacterium	6/375	34/15423	0.00015001175419013707	7	6	0.01587825144168743	Cd4, Ighm, Il22ra1, Lbp, Lyz2, Peli3
GO:0010893	BP	e	positive regulation of steroid biosynthetic process	5/375	22/15423	0.0001548782469380531	8	5	0.01627456129600513	Cyp17a1, Cyp7a1, Fdps, Por, Srebf1
GO:0009987	BP	e	cellular process	256/375	9080/15423	0.00015789889358351435	1	256	0.016472603279529076	4932438A13Rik, Aacs, Abhd2, Acaa1b, Acaca, Acacb, Acly, Acmsd, Acot1, Acot11, Acox2, Acsl1, Acsl3, Adamts7, Adck5, Adora1, Afmid, Agtr1a, Ahr, Ak2, Alb, Angptl4, Anks1, Aox1, Apoa4, Arhgap26, Arntl, Arsg, Asns, Atg2b, Atp1b1, Avpr1a, Brca1, Brwd1, C7, C9, Ccl2, Ccnd1, Ccnl1, Cd4, Cdc14b, Cdo1, Ces1d, Ces1g, Ces2a, Cfd, Chka, Chrna4, Clic5, Clock, Clpx, Cnn1, Cntnap1, Col1a1, Col27a1, Col3a1, Cpeb2, Crot, Crtc3, Csad, Cxcl10, Cxcl12, Cxcl13, Cyp17a1, Cyp1a2, Cyp26a1, Cyp2b10, Cyp2c29, Cyp2c37, Cyp2c50, Cyp2c54, Cyp2c55, Cyp2f2, Cyp4a10, Cyp4a31, Cyp4a32, Cyp7a1, Ddah1, Dhcr24, Dhcr7, Dhrs9, Dio1, Dntt, Dpt, Dtx4, Dusp6, Eci2, Ehhadh, Elovl2, Elovl3, Elovl5, Elovl6, Ephx1, Erlin1, Esr1, Ethe1, Ets2, Fabp2, Fabp4, Fads1, Fads2, Fads3, Fasn, Fbf1, Fbln1, Fbp1, Fdft1, Fdps, Fgf21, Fgfr2, G6pc, Gabarapl1, Gas6, Gclc, Glul, Gnat1, Gpam, Gpc1, Gsn, Gsta1, Gstm1, Gstm3, Gstm4, Gstt2, Gstt3, Gulo, Hal, Hba-a2, Hbb-bt, Hes6, Hist1h1c, Hmcn1, Hmgcr, Hmgcs1, Homer2, Hsd17b11, Htatip2, Idi1, Ighm, Il22ra1, Ildr2, Inhbc, Insig1, Insig2, Irf2bp2, Irf6, Kif1b, Klf10, Knstrn, Lbp, Ldha, Ldlr, Lgals8, Lhpp, Lonp2, Lrp2, Lyz2, Mad2l2, Maf, Map3k5, Mapk15, Marveld1, Mcm5, Men1, Mfsd2a, Mgll, Mgst3, Mia3, Mmd2, Moxd1, Mreg, Mvd, Myh11, Nampt, Net1, Nlrp12, Nrep, Ntrk2, Nudt7, Oat, Paqr7, Pcsk4, Peg3, Peli3, Per2, Pgd, Pgm3, Pgrmc1, Pigb, Pigr, Pik3r1, Pklr, Plxnb1, Pnp, Pnpla3, Por, Ppp2r2d, Pram1, Psmb9, Pum2, Rab11fip2, Rbpms, Retsat, Rin2, Rnf125, Robo1, Sash1, Sbk1, Sdc1, Sgk2, Shmt1, Slc17a8, Slc1a2, Slc25a25, Slc30a10, Slc38a3, Slc39a4, Slc4a4, Slc5a3, Spc24, Spns2, Spry4, Sqle, Srebf1, Srrm2, St6gal1, Stap1, Syne1, Synj2, Tet1, Tgfa, Tifa, Tlr12, Tmem120b, Tnks2, Trp53inp1, Trpc2, Tspan31, Tspan4, Ttc7, Tubb2a, Txnip, Tymp, Ube2l6, Ugt1a1, Ugt1a9, Upp2, Usp2, Vnn1, Vwf, Wdtc1, Wee1, Wrnip1, Wsb1, Yod1, Zap70
GO:1901135	BP	e	carbohydrate derivative metabolic process	28/375	541/15423	0.0001661136165308019	3	28	0.01720581109509399	Acaca, Acacb, Acly, Acot1, Acot11, Acsl1, Ak2, Ces1d, Crot, Ehhadh, Fasn, Fbp1, G6pc, Gpam, Gpc1, Hmgcr, Hmgcs1, Mvd, Nudt7, Pgd, Pgm3, Pigb, Pklr, Pnp, Shmt1, St6gal1, Tymp, Upp2
GO:0046464	BP	e	acylglycerol catabolic process	5/375	23/15423	0.00019397921399000686	7	5	0.01980910269062739	Abhd2, Apoa4, Ces1d, Mgll, Pnpla3
GO:0046461	BP	e	neutral lipid catabolic process	5/375	23/15423	0.00019397921399000686	6	5	0.01980910269062739	Abhd2, Apoa4, Ces1d, Mgll, Pnpla3
GO:0009607	BP	e	response to biotic stimulus	35/375	744/15423	0.0001985204834402826	2	35	0.020131087624947818	Apoa4, C9, Ccl2, Cd4, Ces1g, Cfd, Cxcl10, Cxcl13, Cyp2b10, Cyp3a11, Cyp3a25, Fabp4, Gpam, Gsta1, Gsta2, Gstm3, Hba-a2, Hmcn1, Ighm, Il22ra1, Lbp, Lgals8, Lyz2, Map3k5, Peli3, Pklr, Psmb9, Stap1, Tab2, Thrsp, Tifa, Tlr12, Txnip, Vnn1, Wrnip1
GO:0051716	BP	e	cellular response to stimulus	76/375	2069/15423	0.00021173234226398474	2	76	0.02107241822026164	Aacs, Acaca, Adamts7, Agtr1a, Ahr, Alb, Angptl4, Arntl, Asns, Avpr1a, Brca1, Ccl2, Ccnd1, Cd4, Cdc14b, Chrna4, Clock, Col1a1, Col3a1, Cpeb2, Cxcl10, Cxcl12, Cxcl13, Cyp1a2, Cyp26a1, Cyp7a1, Dntt, Erlin1, Esr1, Fabp4, Fads1, Fasn, Fbp1, Gabarapl1, Gas6, Glul, Gnat1, Gpam, Gsn, Gstm1, Gstm3, Gstt2, Hmgcs1, Insig1, Insig2, Klf10, Lbp, Ldha, Ldlr, Mad2l2, Map3k5, Mapk15, Men1, Mia3, Net1, Nlrp12, Nrep, Ntrk2, Pik3r1, Pklr, Pnp, Rnf125, Shmt1, Slc1a2, Slc30a10, Slc38a3, Slc39a4, Spry4, Srebf1, Stap1, Trp53inp1, Trpc2, Txnip, Wdtc1, Wrnip1, Yod1
GO:0006796	BP	e	phosphate-containing compound metabolic process	53/375	1301/15423	0.00021216282050604782	4	53	0.02107241822026164	Acaca, Acacb, Acly, Acot1, Acot11, Acsl1, Adck5, Agtr1a, Ak2, Apoa4, Ccnd1, Cdc14b, Ces1d, Chka, Crot, Dusp6, Ehhadh, Fasn, Fbp1, Fdft1, Fdps, Fgfr2, G6pc, Gas6, Gpam, Hmgcr, Hmgcs1, Htatip2, Idi1, Lhpp, Map3k5, Mapk15, Men1, Mvd, Nampt, Ntrk2, Nudt7, Pgd, Pgm3, Pigb, Pik3r1, Pklr, Pnp, Pnpla3, Ppp2r2d, Sbk1, Sgk2, Shmt1, Synj2, Ttc7, Upp2, Wee1, Zap70
GO:1901700	BP	e	response to oxygen-containing compound	39/375	861/15423	0.00021715313821174835	3	39	0.02142134460686097	Aacs, Abhd2, Acaca, Agtr1a, Ahr, Apoa4, Brca1, Ccl2, Cdo1, Col1a1, Col3a1, Cpeb2, Cxcl10, Cxcl13, Cyp26a1, Cyp7a1, Dntt, Esr1, Gas6, Glul, Gpam, Ildr2, Insig1, Lbp, Ldlr, Map3k5, Mapk15, Net1, Ntrk2, Pik3r1, Pklr, Shmt1, Slc1a2, Slc30a10, Srebf1, Stap1, Tab2, Trp53inp1, Wdtc1
GO:0042594	BP	e	response to starvation	12/375	145/15423	0.00022180485617352583	5	12	0.021732379860623634	Alb, Angptl4, Asns, Fads1, Gabarapl1, Gas6, Glul, Klf10, Map3k5, Slc38a3, Slc39a4, Srebf1
GO:1901701	BP	e	cellular response to oxygen-containing compound	29/375	569/15423	0.0002238721240253791	4	29	0.02178771590934243	Aacs, Acaca, Agtr1a, Ahr, Brca1, Ccl2, Col1a1, Col3a1, Cpeb2, Cxcl10, Cxcl13, Cyp26a1, Cyp7a1, Esr1, Gas6, Gpam, Insig1, Lbp, Ldlr, Map3k5, Net1, Ntrk2, Pik3r1, Pklr, Shmt1, Slc30a10, Stap1, Trp53inp1, Wdtc1
GO:0006793	BP	e	phosphorus metabolic process	53/375	1318/15423	0.00024421148078613165	3	53	0.023608737885864633	Acaca, Acacb, Acly, Acot1, Acot11, Acsl1, Adck5, Agtr1a, Ak2, Apoa4, Ccnd1, Cdc14b, Ces1d, Chka, Crot, Dusp6, Ehhadh, Fasn, Fbp1, Fdft1, Fdps, Fgfr2, G6pc, Gas6, Gpam, Hmgcr, Hmgcs1, Htatip2, Idi1, Lhpp, Map3k5, Mapk15, Men1, Mvd, Nampt, Ntrk2, Nudt7, Pgd, Pgm3, Pigb, Pik3r1, Pklr, Pnp, Pnpla3, Ppp2r2d, Sbk1, Sgk2, Shmt1, Synj2, Ttc7, Upp2, Wee1, Zap70
GO:0051239	BP	e	regulation of multicellular organismal process	80/375	2226/15423	0.0002504091562007836	3	80	0.024047570689189158	Abcg8, Acacb, Acot11, Acsl1, Adamts7, Adora1, Agtr1a, Ahr, Alb, Apoa4, Arntl, Atp1b1, Avpr1a, Brca1, Ccl2, Ccnd1, Cd200, Cd4, Ces1g, Chrna4, Clock, Col1a1, Col3a1, Cxcl10, Cxcl12, Cxcl13, Cyp51, Ddah1, Dusp6, Elovl3, Elovl6, Esr1, Fabp4, Fbln1, Fdps, Fgf21, Fgfr2, Gas6, Glul, Gpam, Gpc1, Hes6, Hmgcr, Homer2, Htatip2, Klf10, Lbp, Ldlr, Lrp2, Lrtm1, Mad2l2, Maf, Men1, Mgll, Mia3, Mmd2, Nlrp12, Nrep, Ntrk2, Peli3, Per2, Per3, Pik3r1, Plxnb1, Pnp, Por, Pum2, Robo1, Rreb1, Sash1, Slc5a3, Srebf1, Stap1, Syne1, Tnks2, Trpc2, Tymp, Usp2, Vnn1, Zap70
GO:1901606	BP	e	alpha-amino acid catabolic process	8/375	69/15423	0.0002598186846131557	8	8	0.024787044378785334	Acmsd, Afmid, Cdo1, Csad, Ddah1, Hal, Oat, Shmt1
GO:0060363	BP	e	cranial suture morphogenesis	3/375	6/15423	0.0002700588764808147	4	3	0.025433361603841485	Fgfr2, Insig1, Insig2
GO:0043207	BP	e	response to external biotic stimulus	34/375	725/15423	0.0002701012128123294	3	34	0.025433361603841485	Apoa4, C9, Ccl2, Cd4, Ces1g, Cfd, Cxcl10, Cxcl13, Cyp2b10, Cyp3a11, Cyp3a25, Fabp4, Gpam, Gsta1, Gsta2, Gstm3, Hba-a2, Hmcn1, Ighm, Il22ra1, Lbp, Lgals8, Lyz2, Map3k5, Peli3, Pklr, Psmb9, Stap1, Tab2, Thrsp, Tifa, Tlr12, Vnn1, Wrnip1
GO:1902930	BP	e	regulation of alcohol biosynthetic process	6/375	39/15423	0.00032850684165360445	5	6	0.03053639558217255	Cyp7a1, Dhcr7, Erlin1, Fdps, Por, Srebf1
GO:0006641	BP	e	triglyceride metabolic process	7/375	55/15423	0.0003528871429320093	7	7	0.03257140954879275	Acsl1, Apoa4, G6pc, Gpam, Insig1, Insig2, Pnpla3
GO:0005996	BP	e	monosaccharide metabolic process	11/375	131/15423	0.0003551954946656648	4	11	0.03257140954879275	Fbp1, G6pc, Gclc, Gulo, Ldha, Per2, Pgd, Pik3r1, Ugt1a1, Ugt1a9, Wdtc1
GO:0090208	BP	e	positive regulation of triglyceride metabolic process	5/375	26/15423	0.00035713772279553457	7	5	0.03257140954879275	Apoa4, Fgf21, Gpam, Ldlr, Srebf1
GO:0015908	BP	e	fatty acid transport	6/375	40/15423	0.00037865715361298005	9	6	0.0343181711533864	Acsl1, Acsl3, Crot, Fabp2, Fabp4, Mfsd2a
GO:0006575	BP	e	cellular modified amino acid metabolic process	11/375	133/15423	0.00040460890053347606	4	11	0.0364424451343847	Crot, Dio1, Ethe1, Gclc, Gsta1, Gstm1, Gstm4, Gstt2, Gstt3, Shmt1, Vnn1
GO:0032922	BP	e	circadian regulation of gene expression	7/375	57/15423	0.00044104292234437156	6	7	0.03947878652417119	Ahr, Arntl, Clock, Nampt, Per2, Per3, Usp2
GO:0007340	BP	e	acrosome reaction	3/375	7/15423	0.00046408237148524886	2	3	0.040540111258479485	Abhd2, Pcsk4, Trpc2
GO:0043651	BP	e	linoleic acid metabolic process	3/375	7/15423	0.00046408237148524886	9	3	0.040540111258479485	Cyp2c50, Cyp2c54, Cyp2c55
GO:0098856	BP	e	intestinal lipid absorption	3/375	7/15423	0.00046408237148524886	6	3	0.040540111258479485	Abcg8, Fabp2, Ldlr
GO:1901360	BP	e	organic cyclic compound metabolic process	76/375	2133/15423	0.00047443094121468374	3	76	0.04119594657816844	Acaa1b, Acaca, Acacb, Acly, Acmsd, Acot1, Acot11, Acsl1, Afmid, Agtr1a, Ahr, Ak2, Aox1, Apoa4, Brca1, Ccnl1, Cdc14b, Ces1d, Chrna4, Crot, Cyb5r3, Cyp17a1, Cyp1a2, Cyp26a1, Cyp2b10, Cyp2f2, Cyp51, Cyp7a1, Dhcr24, Dhcr7, Dhrs9, Dio1, Dntt, Ehhadh, Ephx1, Erlin1, Esr1, Fasn, Fdft1, Fdps, G6pc, Gpam, Gstm4, Hal, Hmgcr, Hmgcs1, Hsd17b11, Hsd17b7, Insig1, Insig2, Ldlr, Lss, Mad2l2, Mcm5, Moxd1, Mvd, Nampt, Nudt7, Oat, Pgm3, Pklr, Pnp, Pum2, Rbpms, Serpina6, Shmt1, Sqle, Srebf1, Srrm2, Tet1, Tnks2, Trpc2, Tymp, Ugt1a1, Upp2, Wrnip1
GO:0031669	BP	e	cellular response to nutrient levels	12/375	158/15423	0.00048786233455179424	5	12	0.04211006972223553	Alb, Angptl4, Asns, Fads1, Gabarapl1, Gas6, Glul, Klf10, Map3k5, Slc38a3, Slc39a4, Srebf1
GO:0048511	BP	e	rhythmic process	13/375	182/15423	0.0005185139371607516	1	13	0.044490950312237036	Ahr, Arntl, Clock, Dbp, Esr1, Klf10, Nampt, Ntrk2, Per2, Per3, Srebf1, Tef, Usp2
GO:0045751	BP	e	negative regulation of Toll signaling pathway	2/375	2/15423	0.0005896486554261438	7	2	0.04885997229905435	Nlrp12, Peli3
GO:0016128	BP	e	phytosteroid metabolic process	2/375	2/15423	0.0005896486554261438	5	2	0.04885997229905435	Dhcr7, Fdft1
GO:0060523	BP	e	prostate epithelial cord elongation	2/375	2/15423	0.0005896486554261438	6	2	0.04885997229905435	Esr1, Fgfr2
GO:0016129	BP	e	phytosteroid biosynthetic process	2/375	2/15423	0.0005896486554261438	6	2	0.04885997229905435	Dhcr7, Fdft1
GO:0060737	BP	e	prostate gland morphogenetic growth	2/375	2/15423	0.0005896486554261438	5	2	0.04885997229905435	Esr1, Fgfr2
GO:0019452	BP	e	L-cysteine catabolic process to taurine	2/375	2/15423	0.0005896486554261438	12	2	0.04885997229905435	Cdo1, Csad
GO:0042127	BP	e	regulation of cell population proliferation	48/375	1202/15423	0.0005975336540128241	4	48	0.04923201998204524	Adora1, Agtr1a, Ahr, Avpr1a, Ccl2, Ccnd1, Cd200, Cd4, Cnn1, Cxcl10, Cxcl12, Ddah1, Dhcr24, Dhcr7, Dpt, Esr1, Fabp4, Fbln1, Fgf21, Fgfr2, Gas6, Glul, Gpam, Hmgcr, Igfbp2, Ighm, Irf6, Lrp2, Map3k5, Mapk15, Men1, Mvd, Nampt, Ntrk2, Per2, Pik3r1, Plxnb1, Pnp, Por, Robo1, Rreb1, St6gal1, Syne1, Tet1, Tgfa, Trp53inp1, Txnip, Zap70
GO:0046364	BP	e	monosaccharide biosynthetic process	5/375	29/15423	0.0006072937874073283	5	5	0.04975348706889078	Fbp1, G6pc, Gulo, Per2, Pgd
GO:0016070	BP	p	RNA metabolic process	7/375	1036/15423	2.247007017723931e-05	6	7	0.0028333781533925848	Ahr, Ccnl1, Esr1, Pum2, Rbpms, Srebf1, Srrm2
GO:0009059	BP	p	macromolecule biosynthetic process	6/375	848/15423	0.00020326096876821596	4	6	0.020468661861860415	Ahr, Esr1, Mcm5, Per2, Srebf1, Wrnip1
GO:0034660	BP	p	ncRNA metabolic process	0/375	352/15423	0.0003058578669478218	7	0	0.028614483410389444	
GO:0090304	BP	p	nucleic acid metabolic process	17/375	1466/15423	0.0004614261948357371	5	17	0.040540111258479485	Ahr, Brca1, Ccnl1, Cdc14b, Chrna4, Dntt, Esr1, Mad2l2, Mcm5, Pum2, Rbpms, Srebf1, Srrm2, Tet1, Tnks2, Trpc2, Wrnip1
GO:0005783	CC	e	endoplasmic reticulum	73/375	1232/15423	6.150166539176937e-13	5	73	1.1636115092122765e-09	Acsl1, Acsl3, Adora1, Alb, Arsg, Ccl2, Ces1d, Ces1g, Clock, Col1a1, Cyb5r3, Cyp17a1, Cyp1a2, Cyp26a1, Cyp2b10, Cyp2c29, Cyp2c37, Cyp2c50, Cyp2c54, Cyp2c55, Cyp2f2, Cyp3a11, Cyp3a25, Cyp4a10, Cyp4a12a, Cyp4a14, Cyp51, Cyp7a1, Dhcr24, Dhcr7, Dhrs9, Dio1, Elovl2, Elovl3, Elovl5, Elovl6, Ephx1, Erlin1, Fads1, Fads2, Fads3, Fdft1, G6pc, Gabarapl1, Glul, Gulo, H2-Q1, Hmgcr, Hsd17b7, Ildr2, Insig1, Insig2, Lrp2, Lss, Map3k5, Mfsd2a, Mgst3, Mia3, Moxd1, Ntrk2, Pgrmc1, Pigb, Pnpla7, Por, Retsat, Sqle, Srebf1, St6gal1, Tex2, Ugt1a1, Ugt1a9, Ugt2b5, Vwf
GO:0005615	CC	e	extracellular space	47/375	828/15423	6.911651746940084e-08	2	47	6.538422552605319e-05	Adamts7, Alb, Angptl4, Apoa4, Apon, Arsg, C4a, C9, Ccl2, Ces1d, Ces1g, Ces2a, Cfd, Col1a1, Col27a1, Col3a1, Creg1, Cxcl10, Cxcl12, Cxcl13, Cyp4a12a, Cyp4a12b, Dpt, Fbln1, Fgf21, Gas6, Gsn, H2-Q1, Hba-a2, Hbb-bt, Igfbp1, Igfbp2, Ighm, Inhbc, Lbp, Ldlr, Lrp2, Lyz2, Moxd1, Mug2, Nampt, Pigr, Serpina12, Serpina6, Serpinb1a, Tgfa, Vwf
GO:0044421	CC	e	extracellular region part	53/375	1057/15423	4.297388231765263e-07	1	53	0.00027102195114999593	Adamts7, Alb, Angptl4, Apoa4, Apon, Arsg, C4a, C9, Ccl2, Ces1d, Ces1g, Ces2a, Cfd, Col1a1, Col27a1, Col3a1, Creg1, Cxcl10, Cxcl12, Cxcl13, Cyp4a12a, Cyp4a12b, Dpt, Fbln1, Fgf21, Gas6, Gpc1, Gsn, Gstm1, Gstm4, H2-Q1, Hba-a2, Hbb-bt, Hmcn1, Igfbp1, Igfbp2, Ighm, Inhbc, Lbp, Ldlr, Lrp2, Lyz2, Megf6, Mmrn1, Moxd1, Mug2, Nampt, Pigr, Serpina12, Serpina6, Serpinb1a, Tgfa, Vwf
GO:0005576	CC	e	extracellular region	44/375	852/15423	2.7861940864720032e-06	1	44	0.0013178698029012576	Adamts7, Alb, Angptl4, Apoa4, C4a, C9, Ccl2, Cfd, Col1a1, Col27a1, Col3a1, Creg1, Cxcl10, Cxcl12, Cxcl13, Dpt, Fbln1, Fgf21, Fgfr2, Gas6, Gpc1, Gsn, Gstm1, Hmcn1, Hsd17b11, Igfbp1, Igfbp2, Ighm, Inhbc, Lbp, Lect2, Lyz2, Megf6, Mmrn1, Mug2, Nampt, Pigr, Pnp, Sdc1, Serpina12, Serpina6, St6gal1, Tgfa, Vwf
GO:0016021	CC	e	integral component of membrane	104/375	2803/15423	4.77549344074998e-06	3	104	0.00176765349815203	4932438A13Rik, Abca8b, Abcb11, Abcc3, Abcg8, Abhd2, Acsl1, Acsl3, Adam11, Adck5, Adora1, Agtr1a, Atp1b1, Avpr1a, C2cd2, C9, Cd200, Cd4, Chrna4, Clic5, Cntnap1, Cyp51, Dhcr24, Dhcr7, Dhrs9, Dio1, Elovl2, Elovl3, Elovl5, Elovl6, Ephx1, Erlin1, Fads1, Fads2, Fads3, Fam210a, Fdft1, Fgfr2, G6pc, Gpam, Gulo, Hmgcr, Hsd17b7, Ighm, Il22ra1, Ildr2, Insig1, Insig2, Ldlr, Lrp2, Lrtm1, Marveld1, Mfsd2a, Mgst3, Mia3, Mmd2, Moxd1, Ntrk2, Paqr7, Paqr9, Pcdh20, Pcsk4, Pgrmc1, Pigb, Pigr, Pkhd1l1, Plxnb1, Pnpla3, Pnpla7, Por, Robo1, Sdc1, Slc17a8, Slc1a2, Slc22a27, Slc22a3, Slc22a7, Slc23a1, Slc25a25, Slc26a1, Slc30a10, Slc38a3, Slc39a4, Slc4a4, Slc5a3, Smim13, Spns2, Sqle, Srebf1, St6gal1, Syne1, Tex2, Tgfa, Tgoln1, Tlr12, Tmem120b, Tmem56, Trpc2, Tspan31, Tspan4, Ugt1a1, Ugt1a9, Ugt2b5, Vnn1
GO:0044444	CC	e	cytoplasmic part	201/375	6492/15423	6.26045860122347e-06	3	201	0.00176765349815203	Aacs, Abca8b, Abcb11, Abcc3, Abhd2, Acaa1b, Acaca, Acacb, Acly, Acmsd, Acot1, Acot11, Acox2, Acsl1, Acsl3, Acta2, Adck5, Adora1, Agtr1a, Ahr, Ak2, Alb, Anks1, Aox1, Arntl, Arsg, Asap2, Asns, Atg2b, Avpr1a, Brca1, Brwd1, C9, Ccl2, Cd4, Cdo1, Ces1d, Ces1g, Clic5, Clock, Clpx, Col1a1, Crot, Crtc3, Cyb5r3, Cyp17a1, Cyp1a2, Cyp26a1, Cyp2b10, Cyp2c29, Cyp2c37, Cyp2c50, Cyp2c54, Cyp2c55, Cyp2f2, Cyp3a11, Cyp3a25, Cyp4a10, Cyp4a12a, Cyp4a14, Cyp51, Cyp7a1, Ddah1, Dhcr24, Dhcr7, Dhrs9, Dio1, Dntt, Dusp6, Eci2, Ehhadh, Elovl2, Elovl3, Elovl5, Elovl6, Ephx1, Erlin1, Esr1, Ethe1, Ets2, Fabp2, Fabp4, Fads1, Fads2, Fads3, Fam210a, Fasn, Fbf1, Fbp1, Fdft1, Fdps, Fgfr2, G6pc, Gabarapl1, Gclc, Glul, Gm4952, Gpam, Gpc1, Gsn, Gsta1, Gsta2, Gsta4, Gstm1, Gstm4, Gstt2, Gulo, H2-Q1, Hba-a2, Hbb-bt, Hivep1, Hmcn1, Hmgcr, Hmgcs1, Hsd17b7, Htatip2, Idi1, Igfbp1, Igfbp2, Ighm, Ildr2, Insig1, Insig2, Irf6, Kif1b, Knstrn, Ldha, Ldlr, Lgals8, Lhpp, Lonp2, Lrp2, Lss, Lyz2, Mad2l2, Map3k5, Mapk15, Men1, Mfsd2a, Mgll, Mgst3, Mia3, Mmd2, Moxd1, Mreg, Mvd, Myh11, Myl9, Nnmt, Ntrk2, Nudt7, Oat, Pcsk4, Peg3, Per2, Pgrmc1, Pigb, Pigr, Pik3r1, Pklr, Pnp, Pnpla7, Por, Ppp2r2d, Psmb9, Pum2, Rab11fip2, Rbpms, Retsat, Rnf125, Shmt1, Slc17a8, Slc25a25, Slc30a10, Slc39a4, Spry4, Sqle, Srebf1, St6gal1, Stap1, Syne1, Synj2, Tab2, Tex2, Tgfa, Tgoln1, Thrsp, Tnks2, Trp53inp1, Trpc2, Txnip, Tymp, Ugt1a1, Ugt1a9, Ugt2b5, Usp2, Vwf, Wdtc1, Wrnip1, Yod1, Zap70
GO:0031224	CC	e	intrinsic component of membrane	106/375	2902/15423	6.539944232063535e-06	2	106	0.00176765349815203	4932438A13Rik, Abca8b, Abcb11, Abcc3, Abcg8, Abhd2, Acsl1, Acsl3, Adam11, Adck5, Adora1, Agtr1a, Atp1b1, Avpr1a, C2cd2, C9, Cd200, Cd4, Chrna4, Clic5, Cntnap1, Cyp51, Dhcr24, Dhcr7, Dhrs9, Dio1, Elovl2, Elovl3, Elovl5, Elovl6, Ephx1, Erlin1, Fads1, Fads2, Fads3, Fam210a, Fdft1, Fgfr2, G6pc, Gpam, Gpc1, Gulo, Hmgcr, Hsd17b7, Ighm, Il22ra1, Ildr2, Insig1, Insig2, Ldlr, Lrp2, Lrtm1, Marveld1, Mfsd2a, Mgst3, Mia3, Mmd2, Moxd1, Mreg, Ntrk2, Paqr7, Paqr9, Pcdh20, Pcsk4, Pgrmc1, Pigb, Pigr, Pkhd1l1, Plxnb1, Pnpla3, Pnpla7, Por, Robo1, Sdc1, Slc17a8, Slc1a2, Slc22a27, Slc22a3, Slc22a7, Slc23a1, Slc25a25, Slc26a1, Slc30a10, Slc38a3, Slc39a4, Slc4a4, Slc5a3, Smim13, Spns2, Sqle, Srebf1, St6gal1, Syne1, Tex2, Tgfa, Tgoln1, Tlr12, Tmem120b, Tmem56, Trpc2, Tspan31, Tspan4, Ugt1a1, Ugt1a9, Ugt2b5, Vnn1
GO:0042579	CC	e	microbody	13/375	122/15423	8.463727162314793e-06	5	13	0.0020016714738874484	Acaa1b, Acox2, Acsl1, Acsl3, Crot, Eci2, Ehhadh, Fdps, Hmgcr, Idi1, Lonp2, Mvd, Nudt7
GO:0016020	CC	e	membrane	167/375	5247/15423	2.0216768237241235e-05	1	167	0.00425001394498449	4932438A13Rik, Abca8b, Abcb11, Abcc3, Abcg8, Abhd2, Acacb, Acly, Acsl1, Acsl3, Adam11, Adck5, Adora1, Agtr1a, Ak2, Asap2, Atg2b, Atp1b1, Avpr1a, Brca1, C2cd2, C9, Ccnd1, Cd200, Cd4, Chrna4, Clic5, Clpx, Cntnap1, Cxcl12, Cyb5r3, Cyp17a1, Cyp1a2, Cyp26a1, Cyp2b10, Cyp2c29, Cyp2c37, Cyp2c50, Cyp2c54, Cyp2c55, Cyp2f2, Cyp3a11, Cyp3a25, Cyp4a10, Cyp4a12a, Cyp4a14, Cyp4a31, Cyp4a32, Cyp51, Cyp7a1, Dhcr24, Dhcr7, Dhrs9, Dio1, Elovl2, Elovl3, Elovl5, Elovl6, Ephx1, Erlin1, Esr1, Ets2, Fabp2, Fads1, Fads2, Fads3, Fam210a, Fasn, Fdft1, Fgfr2, G6pc, Gabarapl1, Glul, Gnat1, Gpam, Gpc1, Gsn, Gulo, H2-Q1, Hmgcr, Homer2, Hsd17b7, Igfbp2, Ighm, Il22ra1, Ildr2, Insig1, Insig2, Kif1b, Lbp, Ldlr, Lmo7, Lrp2, Lrtm1, Lss, Marveld1, Men1, Mfsd2a, Mgll, Mgst3, Mia3, Mmd2, Moxd1, Mreg, Nampt, Net1, Ntrk2, Paqr7, Paqr9, Pcdh20, Pcsk4, Pgrmc1, Pigb, Pigr, Pik3r1, Pkhd1l1, Plxnb1, Pnpla3, Pnpla7, Por, Pram1, Pum2, Rab11fip2, Retsat, Rnf125, Robo1, Sash1, Sdc1, Serpina12, Slc17a8, Slc1a2, Slc22a27, Slc22a3, Slc22a7, Slc23a1, Slc25a25, Slc26a1, Slc30a10, Slc38a3, Slc39a4, Slc4a4, Slc5a3, Smim13, Spns2, Spry4, Sqle, Srebf1, St6gal1, Syne1, Synj2, Tex2, Tgfa, Tgoln1, Tlr12, Tmem120b, Tmem56, Tnks2, Trpc2, Tspan31, Tspan4, Ttc7, Ugt1a1, Ugt1a9, Ugt2b5, Usp2, Vnn1, Zap70
GO:0005777	CC	e	peroxisome	12/375	118/15423	3.0111599119071726e-05	6	12	0.005697114553328371	Acaa1b, Acox2, Acsl1, Acsl3, Crot, Eci2, Ehhadh, Fdps, Idi1, Lonp2, Mvd, Nudt7
GO:0005575	CC	e	cellular_component	341/375	12892/15423	3.9452885455953365e-05	0	341	0.006785896298423979	1810058I24Rik, 4932438A13Rik, 5031439G07Rik, A930033H14Rik, Aacs, Abca8b, Abcb11, Abcc3, Abcg8, Abhd2, Acaa1b, Acaca, Acacb, Acly, Acmsd, Acot1, Acot11, Acox2, Acsl1, Acsl3, Acta2, Actg2, Adam11, Adamts7, Adck5, Adora1, Afmid, Agtr1a, Ahr, Ak2, Alb, Angptl4, Anks1, Aox1, Apoa4, Apon, Arhgap26, Arntl, Arsg, Asap2, Asns, Atg2b, Atp1b1, Avpr1a, Brca1, Brwd1, C2cd2, C4a, C7, C9, Ccdc171, Ccl2, Ccnd1, Ccnl1, Cd200, Cd4, Cdc14b, Cdo1, Ces1d, Ces1g, Ces2a, Cfd, Chka, Chrna4, Clic5, Clock, Clpx, Cnn1, Cntnap1, Col1a1, Col27a1, Col3a1, Cpeb2, Creg1, Crot, Crtc3, Csad, Cxcl10, Cxcl12, Cxcl13, Cyb5r3, Cyp17a1, Cyp1a2, Cyp26a1, Cyp2b10, Cyp2c29, Cyp2c37, Cyp2c50, Cyp2c54, Cyp2c55, Cyp2f2, Cyp3a11, Cyp3a25, Cyp3a59, Cyp4a10, Cyp4a12a, Cyp4a12b, Cyp4a14, Cyp4a31, Cyp4a32, Cyp51, Cyp7a1, Dbp, Ddah1, Dhcr24, Dhcr7, Dhrs9, Dio1, Dntt, Dpt, Dtx4, Dusp6, E030018B13Rik, Eci2, Ehhadh, Elovl2, Elovl3, Elovl5, Elovl6, Ephx1, Erlin1, Esr1, Ethe1, Ets2, Fabp2, Fabp4, Fads1, Fads2, Fads3, Fam102a, Fam210a, Fam214a, Fam47e, Fasn, Fbf1, Fbln1, Fbp1, Fbxo21, Fdft1, Fdps, Fgf21, Fgfr2, G6pc, Gabarapl1, Gas6, Gclc, Glul, Gm15446, Gm4952, Gnat1, Gpam, Gpc1, Gsn, Gsta1, Gsta2, Gsta4, Gstm1, Gstm3, Gstm4, Gstm6, Gstt2, Gstt3, Gulo, H2-Q1, Hal, Hba-a2, Hbb-bt, Hes6, Hist1h1c, Hivep1, Hmcn1, Hmgcr, Hmgcs1, Homer2, Hsd17b11, Hsd17b7, Htatip2, Idi1, Igfbp1, Igfbp2, Ighm, Il22ra1, Ildr2, Inhbc, Insig1, Insig2, Irf2bp2, Irf6, Kansl1l, Kif1b, Klf10, Knstrn, Lbp, Ldha, Ldlr, Lect2, Lgals8, Lhpp, Lmo7, Lonp2, Lrp2, Lrtm1, Lss, Lyz2, Mad2l2, Maf, Map3k5, Mapk15, Marveld1, Mcm5, Med12l, Megf6, Men1, Mfsd2a, Mgll, Mgst3, Mia3, Mmd2, Mmrn1, Moxd1, Mreg, Mug2, Mvd, Myh11, Myl9, Nampt, Net1, Nlrp12, Nnmt, Nrep, Ntrk2, Nudt7, Oat, Paqr7, Paqr9, Pcdh20, Pcsk4, Peg3, Peli3, Per2, Per3, Pgd, Pgrmc1, Pigb, Pigr, Pik3r1, Pkhd1l1, Pklr, Plxnb1, Pnp, Pnpla3, Pnpla7, Pnrc1, Por, Ppp1r10, Ppp2r2d, Pram1, Prob1, Psmb9, Pum2, Rab11fip2, Rbpms, Retsat, Rin2, Rnf125, Robo1, Rreb1, Sash1, Sbk1, Sdc1, Serpina12, Serpina6, Serpinb1a, Sgk2, Shmt1, Simc1, Slc17a8, Slc1a2, Slc22a27, Slc22a3, Slc22a7, Slc23a1, Slc25a25, Slc26a1, Slc30a10, Slc38a3, Slc39a4, Slc4a4, Slc5a3, Smim13, Snhg11, Spc24, Spns2, Spry4, Sqle, Srebf1, Srrm2, St6gal1, Stap1, Sult5a1, Syne1, Synj2, Tab2, Tcp11l2, Tef, Tet1, Tex2, Tgfa, Tgoln1, Thrsp, Tifa, Tlr12, Tmem120b, Tmem56, Tnks2, Trim7, Tro, Trp53inp1, Trpc2, Tspan31, Tspan4, Ttc23, Ttc7, Tubb2a, Txnip, Tymp, Ube2l6, Ugt1a1, Ugt1a9, Ugt2b35, Ugt2b36, Ugt2b5, Upp2, Usp2, Vnn1, Vwf, Wdtc1, Wee1, Wrnip1, Yod1, Zap70
GO:0044425	CC	e	membrane part	130/375	3909/15423	5.26131942028045e-05	1	130	0.008295346952642176	4932438A13Rik, Abca8b, Abcb11, Abcc3, Abcg8, Abhd2, Acsl1, Acsl3, Adam11, Adck5, Adora1, Agtr1a, Atg2b, Atp1b1, Avpr1a, C2cd2, C7, C9, Cd200, Cd4, Chrna4, Clic5, Cntnap1, Cxcl10, Cxcl12, Cyb5r3, Cyp3a11, Cyp4a10, Cyp4a31, Cyp4a32, Cyp51, Dhcr24, Dhcr7, Dhrs9, Dio1, Elovl2, Elovl3, Elovl5, Elovl6, Ephx1, Erlin1, Esr1, Fads1, Fads2, Fads3, Fam210a, Fdft1, Fgfr2, G6pc, Gabarapl1, Gnat1, Gpam, Gpc1, Gulo, H2-Q1, Hmgcr, Homer2, Hsd17b7, Igfbp2, Ighm, Il22ra1, Ildr2, Insig1, Insig2, Ldlr, Lmo7, Lrp2, Lrtm1, Map3k5, Marveld1, Men1, Mfsd2a, Mgll, Mgst3, Mia3, Mmd2, Moxd1, Mreg, Ntrk2, Paqr7, Paqr9, Pcdh20, Pcsk4, Pgrmc1, Pigb, Pigr, Pik3r1, Pkhd1l1, Plxnb1, Pnpla3, Pnpla7, Por, Retsat, Robo1, Sdc1, Slc17a8, Slc1a2, Slc22a27, Slc22a3, Slc22a7, Slc23a1, Slc25a25, Slc26a1, Slc30a10, Slc38a3, Slc39a4, Slc4a4, Slc5a3, Smim13, Spns2, Sqle, Srebf1, St6gal1, Syne1, Synj2, Tex2, Tgfa, Tgoln1, Tlr12, Tmem120b, Tmem56, Trpc2, Tspan31, Tspan4, Ugt1a1, Ugt1a9, Ugt2b5, Vnn1, Vwf, Zap70
GO:0044464	CC	e	cell part	301/375	11013/15423	8.002574325361395e-05	1	301	0.011646823556602893	4932438A13Rik, Aacs, Abca8b, Abcb11, Abcc3, Abcg8, Abhd2, Acaa1b, Acaca, Acacb, Acly, Acmsd, Acot1, Acot11, Acox2, Acsl1, Acsl3, Acta2, Actg2, Adamts7, Adck5, Adora1, Afmid, Agtr1a, Ahr, Ak2, Alb, Anks1, Aox1, Apon, Arhgap26, Arntl, Arsg, Asap2, Asns, Atg2b, Atp1b1, Avpr1a, Brca1, Brwd1, C4a, C7, C9, Ccl2, Ccnd1, Ccnl1, Cd200, Cd4, Cdc14b, Cdo1, Ces1d, Ces1g, Chka, Chrna4, Clic5, Clock, Clpx, Cnn1, Cntnap1, Col1a1, Cpeb2, Creg1, Crot, Crtc3, Csad, Cxcl10, Cxcl12, Cyb5r3, Cyp17a1, Cyp1a2, Cyp26a1, Cyp2b10, Cyp2c29, Cyp2c37, Cyp2c50, Cyp2c54, Cyp2c55, Cyp2f2, Cyp3a11, Cyp3a25, Cyp4a10, Cyp4a12a, Cyp4a12b, Cyp4a14, Cyp4a31, Cyp4a32, Cyp51, Cyp7a1, Dbp, Ddah1, Dhcr24, Dhcr7, Dhrs9, Dio1, Dntt, Dtx4, Dusp6, Eci2, Ehhadh, Elovl2, Elovl3, Elovl5, Elovl6, Ephx1, Erlin1, Esr1, Ethe1, Ets2, Fabp2, Fabp4, Fads1, Fads2, Fads3, Fam210a, Fam47e, Fasn, Fbf1, Fbp1, Fdft1, Fdps, Fgfr2, G6pc, Gabarapl1, Gas6, Gclc, Glul, Gm4952, Gnat1, Gpam, Gpc1, Gsn, Gsta1, Gsta2, Gsta4, Gstm1, Gstm3, Gstm4, Gstm6, Gstt2, Gstt3, Gulo, H2-Q1, Hal, Hba-a2, Hbb-bt, Hes6, Hist1h1c, Hivep1, Hmcn1, Hmgcr, Hmgcs1, Homer2, Hsd17b11, Hsd17b7, Htatip2, Idi1, Igfbp1, Igfbp2, Ighm, Il22ra1, Ildr2, Insig1, Insig2, Irf2bp2, Irf6, Kansl1l, Kif1b, Klf10, Knstrn, Lbp, Ldha, Ldlr, Lgals8, Lhpp, Lmo7, Lonp2, Lrp2, Lss, Lyz2, Mad2l2, Maf, Map3k5, Mapk15, Marveld1, Mcm5, Med12l, Men1, Mfsd2a, Mgll, Mgst3, Mia3, Mmd2, Moxd1, Mreg, Mvd, Myh11, Myl9, Nampt, Net1, Nlrp12, Nnmt, Nrep, Ntrk2, Nudt7, Oat, Paqr7, Paqr9, Pcdh20, Pcsk4, Peg3, Per2, Per3, Pgd, Pgrmc1, Pigb, Pigr, Pik3r1, Pkhd1l1, Pklr, Plxnb1, Pnp, Pnpla3, Pnpla7, Pnrc1, Por, Ppp1r10, Ppp2r2d, Pram1, Psmb9, Pum2, Rab11fip2, Rbpms, Retsat, Rin2, Rnf125, Robo1, Rreb1, Sbk1, Sdc1, Serpina12, Serpinb1a, Sgk2, Shmt1, Slc17a8, Slc1a2, Slc22a27, Slc22a3, Slc22a7, Slc23a1, Slc25a25, Slc26a1, Slc30a10, Slc38a3, Slc39a4, Slc4a4, Slc5a3, Spc24, Spry4, Sqle, Srebf1, Srrm2, St6gal1, Stap1, Syne1, Synj2, Tab2, Tef, Tet1, Tex2, Tgfa, Tgoln1, Thrsp, Tifa, Tlr12, Tmem120b, Tnks2, Trim7, Tro, Trp53inp1, Trpc2, Tspan31, Tspan4, Ttc7, Tubb2a, Txnip, Tymp, Ube2l6, Ugt1a1, Ugt1a9, Ugt2b35, Ugt2b36, Ugt2b5, Upp2, Usp2, Vnn1, Vwf, Wdtc1, Wee1, Wrnip1, Yod1, Zap70
GO:0005634	CC	p	nucleus	82/375	4663/15423	0.00026341060496975967	5	82	0.03559806175734181	4932438A13Rik, Acacb, Afmid, Ahr, Ak2, Arntl, Brca1, Brwd1, Ccnd1, Ccnl1, Cdc14b, Clic5, Clock, Cpeb2, Crtc3, Cxcl12, Dbp, Dhcr24, Dntt, Esr1, Ethe1, Ets2, Fabp4, Fads1, Fbp1, Fgfr2, Gstt2, Hes6, Hist1h1c, Hivep1, Htatip2, Irf2bp2, Irf6, Klf10, Knstrn, Lhpp, Lmo7, Lonp2, Mad2l2, Maf, Mapk15, Marveld1, Mcm5, Med12l, Men1, Nampt, Net1, Nrep, Peg3, Per2, Per3, Pik3r1, Pnp, Pnpla7, Pnrc1, Ppp1r10, Psmb9, Rbpms, Rreb1, Sgk2, Shmt1, Spc24, Srebf1, Srrm2, Stap1, Syne1, Tab2, Tef, Tet1, Tgfa, Thrsp, Tmem120b, Tnks2, Trim7, Tro, Trp53inp1, Trpc2, Txnip, Usp2, Wdtc1, Wee1, Wrnip1
GO:0048037	MF	e	cofactor binding	48/375	441/15423	1.745136467833101e-18	2	48	7.350514802513021e-15	Acaca, Acacb, Acly, Acot11, Acox2, Alb, Aox1, Asns, Creg1, Csad, Cyb5r3, Cyp17a1, Cyp1a2, Cyp26a1, Cyp2b10, Cyp2c29, Cyp2c37, Cyp2c50, Cyp2c54, Cyp2c55, Cyp2f2, Cyp3a11, Cyp3a25, Cyp4a10, Cyp4a12a, Cyp4a14, Cyp51, Cyp7a1, Dhcr24, Eci2, Fasn, Gclc, Gsta1, Gsta2, Gsta4, Gstm1, Gstm4, Gulo, Hba-a2, Hbb-bt, Hmgcr, Htatip2, Oat, Pgd, Pnpla3, Por, Shmt1, Sqle
GO:0004497	MF	e	monooxygenase activity	23/375	101/15423	2.1869529134240608e-16	3	23	4.1214798194481865e-13	Cyp17a1, Cyp1a2, Cyp26a1, Cyp2b10, Cyp2c29, Cyp2c37, Cyp2c50, Cyp2c54, Cyp2c55, Cyp2f2, Cyp3a11, Cyp3a25, Cyp3a59, Cyp4a10, Cyp4a12a, Cyp4a12b, Cyp4a14, Cyp4a31, Cyp4a32, Cyp51, Cyp7a1, Moxd1, Sqle
GO:0016705	MF	e	oxidoreductase activity, acting on paired donors, with incorporation or reduction of molecular oxygen	27/375	150/15423	2.9355269369289078e-16	3	27	4.1214798194481865e-13	Cyp17a1, Cyp1a2, Cyp26a1, Cyp2b10, Cyp2c29, Cyp2c37, Cyp2c50, Cyp2c54, Cyp2c55, Cyp2f2, Cyp3a11, Cyp3a25, Cyp3a59, Cyp4a10, Cyp4a12a, Cyp4a12b, Cyp4a14, Cyp4a31, Cyp4a32, Cyp51, Cyp7a1, Fads1, Fads2, Moxd1, Por, Sqle, Tet1
GO:0016491	MF	e	oxidoreductase activity	49/375	597/15423	6.332128412920109e-14	2	49	6.667731218804874e-11	Acox2, Aox1, Cdo1, Cyb5r3, Cyp17a1, Cyp1a2, Cyp26a1, Cyp2b10, Cyp2c29, Cyp2c37, Cyp2c50, Cyp2c54, Cyp2c55, Cyp2f2, Cyp3a11, Cyp3a25, Cyp3a59, Cyp4a10, Cyp4a12a, Cyp4a12b, Cyp4a14, Cyp4a31, Cyp4a32, Cyp51, Cyp7a1, Dhcr24, Dhcr7, Dhrs9, Dio1, Ehhadh, Ethe1, Fads1, Fads2, Fads3, Fasn, Gstt2, Gulo, Hmgcr, Hsd17b11, Hsd17b7, Htatip2, Ldha, Mgst3, Moxd1, Pgd, Por, Retsat, Sqle, Tet1
GO:0005506	MF	e	iron ion binding	21/375	119/15423	9.550752841486399e-13	6	21	8.045554193668143e-10	Aox1, Cdo1, Cyp17a1, Cyp1a2, Cyp26a1, Cyp2b10, Cyp2c29, Cyp2c37, Cyp2c50, Cyp2c54, Cyp2c55, Cyp2f2, Cyp3a11, Cyp3a25, Cyp4a10, Cyp4a12a, Cyp4a14, Cyp51, Cyp7a1, Ethe1, Tet1
GO:0003824	MF	e	catalytic activity	166/375	4272/15423	4.549261177241716e-12	1	166	3.1935813464236843e-09	Aacs, Abca8b, Abcb11, Abcc3, Abcg8, Abhd2, Acaa1b, Acaca, Acacb, Acly, Acmsd, Acot1, Acot11, Acox2, Acsl1, Acsl3, Adam11, Adamts7, Adck5, Afmid, Ak2, Aox1, Arsg, Asns, Atp1b1, Brca1, Ccnd1, Cdc14b, Cdo1, Ces1d, Ces1g, Ces2a, Cfd, Chka, Clock, Clpx, Crot, Csad, Cyb5r3, Cyp17a1, Cyp1a2, Cyp26a1, Cyp2b10, Cyp2c29, Cyp2c37, Cyp2c50, Cyp2c54, Cyp2c55, Cyp2f2, Cyp3a11, Cyp3a25, Cyp3a59, Cyp4a10, Cyp4a12a, Cyp4a12b, Cyp4a14, Cyp4a31, Cyp4a32, Cyp51, Cyp7a1, Ddah1, Dhcr24, Dhcr7, Dhrs9, Dio1, Dntt, Dtx4, Dusp6, Eci2, Ehhadh, Elovl2, Elovl3, Elovl5, Elovl6, Ephx1, Ethe1, Fads1, Fads2, Fads3, Fasn, Fbp1, Fdft1, Fdps, Fgfr2, G6pc, Gclc, Glul, Gm4952, Gnat1, Gpam, Gsta1, Gsta2, Gsta4, Gstm1, Gstm3, Gstm4, Gstm6, Gstt2, Gstt3, Gulo, Hal, Hmgcr, Hmgcs1, Hsd17b11, Hsd17b7, Htatip2, Idi1, Kif1b, Ldha, Lhpp, Lonp2, Lss, Lyz2, Map3k5, Mapk15, Mcm5, Mgll, Mgst3, Mmd2, Moxd1, Mvd, Myh11, Nampt, Nnmt, Ntrk2, Nudt7, Oat, Pcsk4, Peli3, Pgd, Pgm3, Pigb, Pik3r1, Pklr, Pnp, Pnpla3, Pnpla7, Por, Psmb9, Pter, Retsat, Rnf125, Sbk1, Sgk2, Shmt1, Sqle, St6gal1, Synj2, Tet1, Tnks2, Trim7, Tubb2a, Tymp, Ube2l6, Ugt1a1, Ugt1a9, Ugt2b35, Ugt2b36, Ugt2b5, Upp2, Usp2, Vnn1, Wee1, Wrnip1, Yod1, Zap70
GO:0020037	MF	e	heme binding	19/375	108/15423	1.2473619548425756e-11	4	19	7.505555076852755e-09	Cyp17a1, Cyp1a2, Cyp26a1, Cyp2b10, Cyp2c29, Cyp2c37, Cyp2c50, Cyp2c54, Cyp2c55, Cyp2f2, Cyp3a11, Cyp3a25, Cyp4a10, Cyp4a12a, Cyp4a14, Cyp51, Cyp7a1, Hba-a2, Hbb-bt
GO:0046906	MF	e	tetrapyrrole binding	19/375	114/15423	3.3503080164803214e-11	3	19	1.7639371706768893e-08	Cyp17a1, Cyp1a2, Cyp26a1, Cyp2b10, Cyp2c29, Cyp2c37, Cyp2c50, Cyp2c54, Cyp2c55, Cyp2f2, Cyp3a11, Cyp3a25, Cyp4a10, Cyp4a12a, Cyp4a14, Cyp51, Cyp7a1, Hba-a2, Hbb-bt
GO:0008391	MF	e	arachidonic acid monooxygenase activity	11/375	30/15423	5.478971000488106e-11	4	11	2.5641584282284336e-08	Cyp2b10, Cyp2c29, Cyp2c37, Cyp2c50, Cyp2c54, Cyp2c55, Cyp2f2, Cyp4a10, Cyp4a14, Cyp4a31, Cyp4a32
GO:0008392	MF	e	arachidonic acid epoxygenase activity	10/375	27/15423	3.740814777635778e-10	5	10	1.57563118434019e-07	Cyp2b10, Cyp2c29, Cyp2c37, Cyp2c50, Cyp2c54, Cyp2c55, Cyp2f2, Cyp4a10, Cyp4a31, Cyp4a32
GO:0004364	MF	e	glutathione transferase activity	10/375	29/15423	8.504244085591294e-10	4	10	3.256352371682775e-07	Gsta1, Gsta2, Gsta4, Gstm1, Gstm3, Gstm4, Gstm6, Gstt2, Gstt3, Mgst3
GO:0070330	MF	e	aromatase activity	10/375	30/15423	1.2482417578263147e-09	5	10	4.3813285699703645e-07	Cyp1a2, Cyp2b10, Cyp2c29, Cyp2c37, Cyp2c50, Cyp2c54, Cyp2c55, Cyp3a11, Cyp3a25, Cyp4a12a
GO:0008395	MF	e	steroid hydroxylase activity	12/375	53/15423	3.893382008791137e-09	4	12	1.2614557708483285e-06	Cyp17a1, Cyp2b10, Cyp2c29, Cyp2c37, Cyp2c50, Cyp2c54, Cyp2c55, Cyp2f2, Cyp3a11, Cyp3a25, Cyp3a59, Cyp7a1
GO:0016712	MF	e	oxidoreductase activity, acting on paired donors, with incorporation or reduction of molecular oxygen, reduced flavin or flavoprotein as one donor, and incorporation of one atom of oxygen	11/375	45/15423	7.337974243829503e-09	4	11	2.142671526125566e-06	Cyp1a2, Cyp2b10, Cyp2c29, Cyp2c37, Cyp2c50, Cyp2c54, Cyp2c55, Cyp2f2, Cyp3a11, Cyp3a25, Cyp4a12a
GO:0016765	MF	e	transferase activity, transferring alkyl or aryl (other than methyl) groups	12/375	56/15423	7.630596603011274e-09	3	12	2.142671526125566e-06	Fdft1, Fdps, Gsta1, Gsta2, Gsta4, Gstm1, Gstm3, Gstm4, Gstm6, Gstt2, Gstt3, Mgst3
GO:0016713	MF	e	oxidoreductase activity, acting on paired donors, with incorporation or reduction of molecular oxygen, reduced iron-sulfur protein as one donor, and incorporation of one atom of oxygen	5/375	6/15423	4.8679259935275095e-08	4	5	1.206100252043404e-05	Cyp4a10, Cyp4a12a, Cyp4a14, Cyp4a31, Cyp4a32
GO:0018685	MF	e	alkane 1-monooxygenase activity	5/375	6/15423	4.8679259935275095e-08	5	5	1.206100252043404e-05	Cyp4a10, Cyp4a12a, Cyp4a14, Cyp4a31, Cyp4a32
GO:0016709	MF	e	oxidoreductase activity, acting on paired donors, with incorporation or reduction of molecular oxygen, NAD(P)H as one donor, and incorporation of one atom of oxygen	9/375	33/15423	6.212449871161113e-08	4	9	1.385520836853043e-05	Cyp26a1, Cyp4a10, Cyp4a12a, Cyp4a12b, Cyp4a31, Cyp4a32, Cyp51, Cyp7a1, Sqle
GO:0043177	MF	e	organic acid binding	18/375	159/15423	6.249975284949624e-08	3	18	1.385520836853043e-05	Acaca, Acacb, Acox2, Alb, Cyp26a1, Cyp4a14, Ddah1, Fabp2, Fabp4, Gclc, Glul, Hba-a2, Hbb-bt, Hmgcs1, Pgd, Shmt1, Ugt1a1, Ugt1a9
GO:0033293	MF	e	monocarboxylic acid binding	10/375	54/15423	5.910281845183655e-07	5	10	0.0001244705356595678	Acaca, Acacb, Acox2, Alb, Cyp26a1, Cyp4a14, Fabp2, Fabp4, Ugt1a1, Ugt1a9
GO:0050662	MF	e	coenzyme binding	21/375	248/15423	7.400507959599562e-07	3	21	0.00014843304536111122	Acaca, Acacb, Acot11, Acox2, Alb, Aox1, Csad, Cyb5r3, Dhcr24, Eci2, Fasn, Gclc, Gulo, Hmgcr, Htatip2, Oat, Pgd, Pnpla3, Por, Shmt1, Sqle
GO:0004312	MF	e	fatty acid synthase activity	5/375	9/15423	9.62214586348817e-07	5	5	0.00018422035625914623	Elovl2, Elovl3, Elovl5, Elovl6, Fasn
GO:0009922	MF	e	fatty acid elongase activity	4/375	6/15423	4.964362459076687e-06	6	4	0.0008042267183704233	Elovl2, Elovl3, Elovl5, Elovl6
GO:0102336	MF	e	3-oxo-arachidoyl-CoA synthase activity	4/375	6/15423	4.964362459076687e-06	5	4	0.0008042267183704233	Elovl2, Elovl3, Elovl5, Elovl6
GO:0102338	MF	e	3-oxo-lignoceronyl-CoA synthase activity	4/375	6/15423	4.964362459076687e-06	5	4	0.0008042267183704233	Elovl2, Elovl3, Elovl5, Elovl6
GO:0102337	MF	e	3-oxo-cerotoyl-CoA synthase activity	4/375	6/15423	4.964362459076687e-06	5	4	0.0008042267183704233	Elovl2, Elovl3, Elovl5, Elovl6
GO:0031406	MF	e	carboxylic acid binding	15/375	154/15423	5.3056908206084306e-06	4	15	0.0008276877680149152	Acaca, Acacb, Acox2, Alb, Cyp26a1, Cyp4a14, Ddah1, Fabp2, Fabp4, Gclc, Glul, Pgd, Shmt1, Ugt1a1, Ugt1a9
GO:0046914	MF	e	transition metal ion binding	39/375	746/15423	7.058927639219171e-06	5	39	0.0010618644005853982	Acmsd, Alb, Aox1, Apoa4, Brca1, Cd4, Cdo1, Cyp17a1, Cyp1a2, Cyp26a1, Cyp2b10, Cyp2c29, Cyp2c37, Cyp2c50, Cyp2c54, Cyp2c55, Cyp2f2, Cyp3a11, Cyp3a25, Cyp4a10, Cyp4a12a, Cyp4a14, Cyp51, Cyp7a1, Ddah1, Dtx4, Esr1, Ethe1, Glul, Gpc1, Gstm1, Hivep1, Idi1, Moxd1, Nudt7, Pter, Shmt1, Tet1, Trim7
GO:0005496	MF	e	steroid binding	10/375	75/15423	1.3008208105630479e-05	3	10	0.0018323760427883691	Apoa4, Erlin1, Esr1, Gstm1, Paqr7, Paqr9, Pgrmc1, Serpina6, Ugt1a1, Ugt1a9
GO:0043167	MF	e	ion binding	141/375	4218/15423	1.3051111415871576e-05	2	141	0.0018323760427883691	Aacs, Abca8b, Abcb11, Abcc3, Abcg8, Acaca, Acacb, Acly, Acmsd, Acot11, Acox2, Acsl1, Acsl3, Acta2, Actg2, Adamts7, Ak2, Alb, Aox1, Apoa4, Arhgap26, Arsg, Asap2, Asns, Brca1, Ccl2, Cd4, Cdo1, Chka, Chrna4, Clpx, Col1a1, Col27a1, Col3a1, Csad, Cxcl10, Cxcl13, Cyb5r3, Cyp17a1, Cyp1a2, Cyp26a1, Cyp2b10, Cyp2c29, Cyp2c37, Cyp2c50, Cyp2c54, Cyp2c55, Cyp2f2, Cyp3a11, Cyp3a25, Cyp4a10, Cyp4a12a, Cyp4a14, Cyp51, Cyp7a1, Ddah1, Dhcr24, Dntt, Dtx4, Eci2, Esr1, Ethe1, Fabp2, Fabp4, Fasn, Fbln1, Fbp1, Fdps, Fgfr2, G6pc, Gas6, Gclc, Glul, Gnat1, Gpc1, Gsn, Gsta1, Gsta2, Gsta4, Gstm1, Gstm4, Gulo, Hivep1, Hmcn1, Hmgcr, Idi1, Irf2bp2, Kif1b, Klf10, Ldlr, Lect2, Lhpp, Lonp2, Lrp2, Map3k5, Mapk15, Mcm5, Megf6, Mmrn1, Moxd1, Mreg, Mvd, Myh11, Myl9, Nlrp12, Ntrk2, Nudt7, Oat, Pcdh20, Peg3, Pgd, Pgm3, Pklr, Pnp, Pnpla3, Por, Ppp1r10, Pter, Rnf125, Rreb1, Sbk1, Sgk2, Shmt1, Slc1a2, Slc25a25, Sqle, Tab2, Tet1, Tnks2, Trim7, Trpc2, Tubb2a, Ube2l6, Ugt1a1, Ugt1a9, Usp2, Vnn1, Wee1, Wrnip1, Yod1, Zap70
GO:0003674	MF	e	molecular_function	335/375	12573/15423	3.64153103909558e-05	0	335	0.004947783463442123	1810058I24Rik, 4932438A13Rik, 5031439G07Rik, A930033H14Rik, Aacs, Abca8b, Abcb11, Abcc3, Abcg8, Abhd2, Acaa1b, Acaca, Acacb, Acly, Acmsd, Acot1, Acot11, Acox2, Acsl1, Acsl3, Acta2, Actg2, Adam11, Adamts7, Adck5, Adora1, Afmid, Agtr1a, Ahr, Ak2, Alb, Angptl4, Anks1, Aox1, Apoa4, Apon, Arhgap26, Arntl, Arsg, Asap2, Asns, Atg2b, Atp1b1, Avpr1a, Brca1, Brwd1, C2cd2, C4a, Ccdc171, Ccl2, Ccnd1, Ccnl1, Cd200, Cd4, Cdc14b, Cdo1, Ces1d, Ces1g, Ces2a, Cfd, Chka, Chrna4, Clic5, Clock, Clpx, Cnn1, Cntnap1, Col1a1, Col27a1, Col3a1, Cpeb2, Creg1, Crot, Crtc3, Csad, Cxcl10, Cxcl12, Cxcl13, Cyb5r3, Cyp17a1, Cyp1a2, Cyp26a1, Cyp2b10, Cyp2c29, Cyp2c37, Cyp2c50, Cyp2c54, Cyp2c55, Cyp2f2, Cyp3a11, Cyp3a25, Cyp3a59, Cyp4a10, Cyp4a12a, Cyp4a12b, Cyp4a14, Cyp4a31, Cyp4a32, Cyp51, Cyp7a1, Dbp, Ddah1, Dhcr24, Dhcr7, Dhrs9, Dio1, Dntt, Dpt, Dtx4, Dusp6, E030018B13Rik, Eci2, Ehhadh, Elovl2, Elovl3, Elovl5, Elovl6, Ephx1, Erlin1, Esr1, Ethe1, Ets2, Fabp2, Fabp4, Fads1, Fads2, Fads3, Fam102a, Fam210a, Fam214a, Fam47e, Fasn, Fbf1, Fbln1, Fbp1, Fbxo21, Fdft1, Fdps, Fgf21, Fgfr2, G6pc, Gabarapl1, Gas6, Gclc, Glul, Gm15446, Gm4952, Gnat1, Gpam, Gpc1, Gsn, Gsta1, Gsta2, Gsta4, Gstm1, Gstm3, Gstm4, Gstm6, Gstt2, Gstt3, Gulo, H2-Q1, Hal, Hba-a2, Hbb-bt, Hes6, Hist1h1c, Hivep1, Hmcn1, Hmgcr, Hmgcs1, Homer2, Hsd17b11, Hsd17b7, Htatip2, Idi1, Igfbp1, Igfbp2, Ighm, Il22ra1, Inhbc, Insig1, Insig2, Irf2bp2, Irf6, Kansl1l, Kif1b, Klf10, Knstrn, Lbp, Ldha, Ldlr, Lect2, Lgals8, Lhpp, Lmo7, Lonp2, Lrp2, Lss, Lyz2, Mad2l2, Maf, Map3k5, Mapk15, Marveld1, Mcm5, Med12l, Megf6, Men1, Mfsd2a, Mgll, Mgst3, Mia3, Mmd2, Mmrn1, Moxd1, Mreg, Mug2, Mvd, Myh11, Myl9, Nampt, Net1, Nlrp12, Nnmt, Nrep, Ntrk2, Nudt7, Oat, Paqr7, Paqr9, Pcdh20, Pcsk4, Peg3, Peli3, Per2, Per3, Pgd, Pgm3, Pgrmc1, Pigb, Pigr, Pik3r1, Pkhd1l1, Pklr, Plxnb1, Pnp, Pnpla3, Pnpla7, Pnrc1, Por, Ppp1r10, Ppp2r2d, Pram1, Prob1, Psmb9, Pter, Pum2, Rab11fip2, Rbpms, Retsat, Rin2, Rnf125, Robo1, Rreb1, Sash1, Sbk1, Sdc1, Serpina12, Serpina6, Serpinb1a, Sgk2, Shmt1, Simc1, Slc17a8, Slc1a2, Slc22a27, Slc22a3, Slc22a7, Slc23a1, Slc25a25, Slc26a1, Slc30a10, Slc38a3, Slc39a4, Slc4a4, Slc5a3, Smim13, Snhg11, Spc24, Spns2, Spry4, Sqle, Srebf1, St6gal1, Stap1, Sult5a1, Syne1, Synj2, Tab2, Tcp11l2, Tef, Tet1, Tex2, Tgfa, Thrsp, Tifa, Tmem120b, Tmem56, Tnks2, Trim7, Tro, Trp53inp1, Trpc2, Tspan31, Tspan4, Ttc23, Tubb2a, Txnip, Tymp, Ube2l6, Ugt1a1, Ugt1a9, Ugt2b35, Ugt2b36, Ugt2b5, Upp2, Usp2, Vnn1, Vwf, Wdtc1, Wee1, Wrnip1, Yod1, Zap70
GO:0043295	MF	e	glutathione binding	5/375	17/15423	4.0230172148170806e-05	5	5	0.005134832881457437	Gsta1, Gsta2, Gsta4, Gstm1, Gstm4
GO:1900750	MF	e	oligopeptide binding	5/375	17/15423	4.0230172148170806e-05	4	5	0.005134832881457437	Gsta1, Gsta2, Gsta4, Gstm1, Gstm4
GO:0050051	MF	e	leukotriene-B4 20-monooxygenase activity	3/375	4/15423	5.601699198492153e-05	5	3	0.006741244864013984	Cyp4a10, Cyp4a31, Cyp4a32
GO:0071614	MF	e	linoleic acid epoxygenase activity	3/375	4/15423	5.601699198492153e-05	4	3	0.006741244864013984	Cyp2c50, Cyp2c54, Cyp2c55
GO:0016725	MF	e	oxidoreductase activity, acting on CH or CH2 groups	4/375	11/15423	9.913142202626914e-05	3	4	0.011598376377073488	Acox2, Aox1, Cyp1a2, Cyp2c29
GO:0016614	MF	e	oxidoreductase activity, acting on CH-OH group of donors	11/375	115/15423	0.00011250398670071276	3	11	0.012807210594146004	Cyp4a12a, Cyp4a12b, Dhrs9, Ehhadh, Fasn, Gulo, Hmgcr, Hsd17b11, Hsd17b7, Ldha, Pgd
GO:1901681	MF	e	sulfur compound binding	14/375	179/15423	0.00012417457980449931	2	14	0.013763771845698715	Acaca, Acacb, Acot11, Ccl2, Cxcl10, Cxcl13, Eci2, Fgfr2, Gsta1, Gsta2, Gsta4, Gstm1, Gstm4, Pnpla3
GO:0046983	MF	e	protein dimerization activity	45/375	1040/15423	0.0001516542737564481	3	45	0.016378661565696395	Abcg8, Adora1, Agtr1a, Ahr, Aox1, Apoa4, Arntl, Asns, Cd4, Chka, Chrna4, Clock, Cxcl13, Fasn, Fgfr2, Gclc, Gstm1, Gstm3, Gstm4, H2-Q1, Hes6, Hmcn1, Hmgcr, Hmgcs1, Homer2, Lhpp, Maf, Map3k5, Mgll, Mvd, Nampt, Ntrk2, Pik3r1, Rab11fip2, Rbpms, Shmt1, Srebf1, St6gal1, Syne1, Tef, Thrsp, Tymp, Ugt1a1, Ugt1a9, Vwf
GO:0016746	MF	e	transferase activity, transferring acyl groups	14/375	183/15423	0.00015685865607475432	3	14	0.01651721648467163	Acaa1b, Acly, Clock, Crot, Elovl2, Elovl3, Elovl5, Elovl6, Fasn, Glul, Gm4952, Gpam, Hmgcs1, Pnpla3
GO:0005504	MF	e	fatty acid binding	6/375	35/15423	0.0001773765169246753	6	6	0.01822219242162762	Acox2, Alb, Cyp4a14, Fabp2, Fabp4, Ugt1a9
GO:0016740	MF	e	transferase activity	65/375	1700/15423	0.0002165394342838593	2	65	0.021715811838181318	Acaa1b, Acly, Adck5, Ak2, Brca1, Ccnd1, Chka, Clock, Crot, Dntt, Dtx4, Elovl2, Elovl3, Elovl5, Elovl6, Fasn, Fdft1, Fdps, Fgfr2, G6pc, Glul, Gm4952, Gpam, Gsta1, Gsta2, Gsta4, Gstm1, Gstm3, Gstm4, Gstm6, Gstt2, Gstt3, Hmgcs1, Htatip2, Map3k5, Mapk15, Mgst3, Mmd2, Nampt, Nnmt, Ntrk2, Oat, Peli3, Pigb, Pik3r1, Pklr, Pnp, Pnpla3, Rnf125, Sbk1, Sgk2, Shmt1, St6gal1, Tnks2, Trim7, Tymp, Ube2l6, Ugt1a1, Ugt1a9, Ugt2b35, Ugt2b36, Ugt2b5, Upp2, Wee1, Zap70
GO:0033218	MF	e	amide binding	17/375	264/15423	0.0002618656501461515	2	17	0.025393279927488285	Acaca, Acacb, Acot11, Avpr1a, Dhcr24, Eci2, Fasn, Gsta1, Gsta2, Gsta4, Gstm1, Gstm4, H2-Q1, Lbp, Ldlr, Pik3r1, Pnpla3
GO:0045236	MF	e	CXCR chemokine receptor binding	3/375	6/15423	0.0002700588764808147	6	3	0.025393279927488285	Cxcl10, Cxcl12, Cxcl13
GO:0016616	MF	e	oxidoreductase activity, acting on the CH-OH group of donors, NAD or NADP as acceptor	10/375	107/15423	0.00027716428905866713	4	10	0.025393279927488285	Cyp4a12a, Cyp4a12b, Dhrs9, Ehhadh, Fasn, Hmgcr, Hsd17b11, Hsd17b7, Ldha, Pgd
GO:0042803	MF	e	protein homodimerization activity	34/375	727/15423	0.00027732451962594044	4	34	0.025393279927488285	Ahr, Aox1, Apoa4, Asns, Cd4, Chka, Fasn, Fgfr2, Gstm1, Gstm3, Gstm4, Hes6, Hmcn1, Hmgcr, Hmgcs1, Homer2, Lhpp, Maf, Map3k5, Mgll, Mvd, Nampt, Ntrk2, Rab11fip2, Rbpms, Shmt1, St6gal1, Syne1, Tef, Thrsp, Tymp, Ugt1a1, Ugt1a9, Vwf
GO:0052689	MF	e	carboxylic ester hydrolase activity	10/375	110/15423	0.0003469017722463342	4	10	0.0310883035042885	Abhd2, Acot1, Acot11, Ces1d, Ces1g, Ces2a, Chka, Mgll, Pnpla3, Pnpla7
GO:0043168	MF	e	anion binding	77/375	2149/15423	0.0003678315124155464	3	77	0.032277215214464194	Aacs, Abca8b, Abcb11, Abcc3, Acaca, Acacb, Acly, Acot11, Acox2, Acsl1, Acsl3, Acta2, Actg2, Ak2, Alb, Aox1, Apoa4, Arhgap26, Asns, Ccl2, Chka, Clpx, Csad, Cxcl10, Cxcl13, Cyb5r3, Cyp26a1, Cyp4a14, Ddah1, Dhcr24, Eci2, Fabp2, Fabp4, Fasn, Fbp1, Fgfr2, G6pc, Gas6, Gclc, Glul, Gnat1, Gsta1, Gsta2, Gsta4, Gstm1, Gstm4, Gulo, Hmgcr, Kif1b, Lonp2, Map3k5, Mapk15, Mcm5, Mreg, Mvd, Myh11, Nlrp12, Ntrk2, Oat, Pgd, Pklr, Pnp, Pnpla3, Por, Sbk1, Sgk2, Shmt1, Sqle, Trpc2, Tubb2a, Ube2l6, Ugt1a1, Ugt1a9, Vnn1, Wee1, Wrnip1, Zap70
GO:0015020	MF	e	glucuronosyltransferase activity	5/375	27/15423	0.00042964193427607575	5	5	0.03693166994226186	Ugt1a1, Ugt1a9, Ugt2b35, Ugt2b36, Ugt2b5
GO:0050649	MF	e	testosterone 6-beta-hydroxylase activity	3/375	7/15423	0.00046408237148524886	5	3	0.03909429897391736	Cyp3a11, Cyp3a25, Cyp3a59
GO:0016747	MF	e	transferase activity, transferring acyl groups other than amino-acyl groups	12/375	158/15423	0.00048786233455179424	4	12	0.040291689277101125	Acaa1b, Clock, Crot, Elovl2, Elovl3, Elovl5, Elovl6, Fasn, Glul, Gm4952, Gpam, Pnpla3
GO:0036094	MF	e	small molecule binding	71/375	1957/15423	0.0005113246259438474	2	71	0.04074594264015965	Aacs, Abca8b, Abcb11, Abcc3, Acaca, Acacb, Acly, Acot11, Acox2, Acsl1, Acsl3, Acta2, Actg2, Adora1, Ak2, Alb, Aox1, Apoa4, Asns, Chka, Clpx, Csad, Cyb5r3, Cyp26a1, Cyp2f2, Cyp4a14, Ddah1, Dhcr24, Eci2, Erlin1, Fabp2, Fabp4, Fasn, Fbp1, Fgfr2, Gclc, Glul, Gnat1, Gulo, Hba-a2, Hbb-bt, Hmgcr, Hmgcs1, Htatip2, Kif1b, Lonp2, Map3k5, Mapk15, Mcm5, Mvd, Myh11, Nlrp12, Ntrk2, Oat, Pgd, Pklr, Pnp, Pnpla3, Por, Sbk1, Sgk2, Shmt1, Sqle, Trpc2, Tubb2a, Ube2l6, Ugt1a1, Ugt1a9, Wee1, Wrnip1, Zap70
GO:0071949	MF	e	FAD binding	5/375	28/15423	0.0005127101044464533	6	5	0.04074594264015965	Acox2, Aox1, Cyb5r3, Dhcr24, Gulo
GO:0103002	MF	e	16-hydroxypalmitate dehydrogenase activity	2/375	2/15423	0.0005896486554261438	5	2	0.04282069201129168	Cyp4a12a, Cyp4a12b
GO:0004075	MF	e	biotin carboxylase activity	2/375	2/15423	0.0005896486554261438	4	2	0.04282069201129168	Acaca, Acacb
GO:0003989	MF	e	acetyl-CoA carboxylase activity	2/375	2/15423	0.0005896486554261438	5	2	0.04282069201129168	Acaca, Acacb
GO:0102116	MF	e	laurate hydroxylase activity	2/375	2/15423	0.0005896486554261438	5	2	0.04282069201129168	Cyp4a12a, Cyp4a12b
GO:0016213	MF	e	linoleoyl-CoA desaturase activity	2/375	2/15423	0.0005896486554261438	6	2	0.04282069201129168	Fads1, Fads2
GO:0005102	MF	e	signaling receptor binding	44/375	1077/15423	0.0006529987054774119	3	44	0.04661746690628574	Acox2, Adora1, Agtr1a, Ahr, Anks1, Arntl, Avpr1a, Ccl2, Cd4, Col3a1, Crot, Cxcl10, Cxcl12, Cxcl13, Eci2, Ehhadh, Esr1, Ets2, Fabp4, Fbln1, Fgf21, Gabarapl1, Gas6, Gnat1, H2-Q1, Homer2, Hsd17b7, Ighm, Inhbc, Lbp, Lgals8, Lonp2, Lrp2, Nampt, Ntrk2, Nudt7, Per2, Pigr, Pik3r1, Stap1, Syne1, Tgfa, Tspan4, Vwf
